189,3439; 0; 134,7176; 12,97952
178,5595; 0; 73,00127; 6,01355
180,259; 0; 280,1135; 12,17071
178,9599; 0; 116,9823; 4,518187
180,7472; 0; 92,23473; 4,524822
178,037; 0; 64,36409; 2,957142
82,8059; 0; 380,3135; 15,21519
181,233; 0; 164,3895; 6,190365
178,7293; 0; 132,0056; 4,131148
181,7973; 0; 88,05105; 3,848818
188,7936; 0; 71,16164; 4,091607
174,7793; 0; 67,02703; 4,019303
93,1711; 0; 550,7532; 18,17152
183,4747; 0; 213,7147; 6,190733
182,0437; 0; 175,4767; 5,593978
186,4464; 0; 110,9526; 3,936086
188,0403; 0; 106,0733; 3,654995
186,1512; 0; 92,17853; 3,363137
187,4279; 0; 89,01283; 2,793601
184,7538; 0; 98,04378; 5,852439
182,0008; 0; 78,9101; 8,707577
191,1542; 0; 63,70692; 3,3056
102,9503; 0; 677,9669; 7,448141
171,0548; 0; 260,1389; 5,118976
184,6457; 0; 220,7891; 5,852638
179,918; 0; 135,1319; 3,650684
184,7345; 0; 152,9188; 5,479847
186,9216; 0; 116,9698; 2,787251
181,0972; 0; 123,2751; 4,985781
182,9282; 0; 140,5172; 6,120446
185,1396; 0; 164,1504; 11,3956
182,5293; 0; 81,58848; 2,485616
190,3987; 0; 121,076; 10,25894
186,583; 0; 63,28574; 2,623174
150,6371; 0; 740,7559; 8,289696
143,641; 0; 299,6176; 7,80686
153,6109; 0; 237,1793; 3,642789
185,1936; 0; 161,3133; 4,0452
182,1421; 0; 191,6418; 5,245865
181,0576; 0; 141,6048; 2,780605
179,8866; 0; 168,3964; 5,1729
183,9931; 0; 185,6728; 4,323191
145,3538; 0; 285,901; 12,86522
183,5347; 0; 102,3592; 3,177458
184,6852; 0; 197,5145; 9,092459
184,9171; 0; 85,8819; 3,918278
173,4968; 0; 69,10712; 3,857819
185,1768; 0; 79,69301; 8,813714
198,3358; 0; 803,1768; 7,902873
135,6082; 0; 329,196; 3,728248
151,2202; 0; 277,8251; 4,651204
184,7115; 0; 187,8307; 2,919953
185,0856; 0; 233,0271; 3,686747
185,6954; 0; 168,3751; 3,836836
182,7082; 0; 217,6553; 6,127544
184,7329; 0; 226,7854; 3,657715
120,1311; 0; 375,8593; 11,43059
183,8707; 0; 123,1267; 3,421272
142,2847; 0; 271,3424; 6,341814
179,7833; 0; 106,9603; 3,765905
184,7918; 0; 92,23049; 3,810066
186,9743; 0; 176,7227; 11,9303
188,9247; 0; 121,6057; 7,89065
187,674; 0; 66,38438; 3,118455
175,1377; 0; 65,98233; 3,986438
230,4759; 0; 875,7971; 8,496902
104,9395; 0; 353,3064; 5,50875
156,8347; 0; 320,0356; 4,680903
163,5019; 0; 231,1215; 5,873724
163,549; 0; 260,1584; 3,691263
184,7253; 0; 195,6581; 3,02286
181,2106; 0; 255,6718; 4,552677
176,1633; 0; 263,4426; 5,034435
69,49402; 0; 459,33; 10,12991
183,6543; 0; 144,0188; 2,848273
136,6419; 0; 365,5692; 10,62368
184,0699; 0; 130,7571; 3,441705
187,3645; 0; 119,7913; 2,878345
179,1499; 0; 243,5087; 6,857856
183,1687; 0; 226,8544; 12,29855
191,8903; 0; 94,25636; 3,44286
181,6057; 0; 98,78217; 2,815957
182,675; 0; 80,17632; 9,044338
261,4594; 0; 946,4819; 8,193939
107,1573; 0; 392,2489; 6,337315
120,0527; 0; 336,3434; 5,856199
157,4998; 0; 241,9558; 3,120099
146,5556; 0; 296,0954; 6,33098
184,7912; 0; 224,1289; 2,334709
156,0139; 0; 289,9396; 4,515392
160,9994; 0; 292,4806; 3,818049
58,1147; 0; 528,0685; 9,046039
180,8884; 0; 165,9945; 2,68816
61,05778; 0; 449,7259; 10,54422
188,4794; 0; 157,6806; 2,948625
189,8992; 0; 147,0043; 2,772384
159,8273; 0; 313,179; 10,06776
152,9861; 0; 284,4624; 4,964577
191,8203; 0; 122,7841; 2,950097
183,5571; 0; 127,548; 4,281841
180,8838; 0; 173,3525; 9,00171
182,7968; 0; 83,04516; 2,456437
187,9595; 0; 125,6112; 7,960376
178,5823; 0; 72,53262; 5,709044
273,7272; 0; 1009,165; 6,012653
99,76855; 0; 417,1045; 4,246968
113,9259; 0; 364,7442; 4,67488
150,487; 0; 266,5562; 3,403395
144,3092; 0; 317,0667; 3,267632
179,4342; 0; 248,6333; 3,573475
131,2346; 0; 321,5108; 4,63202
133,5222; 0; 319,9593; 2,220061
85,80741; 0; 604,2281; 10,25006
182,5793; 0; 190,0171; 2,900288
87,51882; 0; 509,5055; 6,7186
188,979; 0; 182,7699; 2,528341
188,8842; 0; 173,0967; 2,44809
79,44296; 0; 413,7628; 14,57674
132,0228; 0; 368,0269; 11,79008
190,6133; 0; 148,2679; 2,461303
186,9149; 0; 155,4462; 4,181763
168,1436; 0; 261,2953; 7,93212
182,8868; 0; 105,9194; 3,436375
183,4824; 0; 207,9103; 9,885085
189,1227; 0; 122,4201; 4,329117
178,9361; 0; 92,71864; 4,149554
186,6303; 0; 77,43013; 4,033992
178,4819; 0; 71,85423; 4,913503
329,2483; 0; 1033,301; 6,907778
72,83484; 0; 439,8416; 4,175059
114,6285; 0; 392,626; 3,555818
142,3604; 0; 289,8349; 4,589958
120,3182; 0; 338,8764; 5,643341
160,4969; 0; 261,735; 3,330745
112,0421; 0; 356,5534; 5,407909
135,2396; 0; 352,619; 4,097716
96,57127; 0; 668,5593; 7,781462
182,1452; 0; 214,6843; 2,663521
75,98313; 0; 575,5117; 7,099336
187,8425; 0; 206,7628; 2,592601
187,831; 0; 197,2699; 2,420371
81,67304; 0; 535,7017; 13,62386
60,82491; 0; 475,1349; 11,8861
189,2903; 0; 176,1978; 2,948005
181,6308; 0; 182,0704; 3,940023
129,7837; 0; 335,3897; 11,95595
182,7122; 0; 128,8865; 3,403268
160,3072; 0; 294,5331; 8,749072
186,7058; 0; 168,3277; 5,815827
180,9962; 0; 134,7828; 5,176849
179,3058; 0; 95,57079; 3,504169
178,839; 0; 111,6888; 4,398097
186,6339; 0; 88,81971; 3,810408
183,602; 0; 79,06686; 8,771848
410,4056; 0; 1040,991; 8,434676
93,69595; 0; 474,4354; 5,08545
81,80759; 0; 411,0782; 5,032442
137,788; 0; 301,5907; 3,162273
111,4671; 0; 356,917; 3,236224
147,2312; 0; 285,9507; 4,306791
95,34882; 0; 377,8789; 3,872493
125,1655; 0; 394,9408; 5,301773
146,6963; 0; 734,4765; 8,704169
183,8914; 0; 239,9885; 2,988397
94,8699; 0; 639,9446; 6,844619
187,0423; 0; 230,5907; 2,561279
186,8608; 0; 220,9848; 2,413138
96,27948; 0; 618,6682; 8,766878
89,10333; 0; 553,434; 7,796837
188,011; 0; 203,2055; 2,943074
182,4603; 0; 210,9265; 3,24953
87,19129; 0; 399,14; 10,94942
181,5834; 0; 152,5351; 2,733119
79,24774; 0; 388,1684; 12,71431
183,8116; 0; 206,7984; 3,186474
182,2666; 0; 179,9797; 5,85224
186,1207; 0; 115,9943; 3,165392
178,947; 0; 153,3653; 5,267881
185,1338; 0; 128,9628; 5,687442
179,6337; 0; 168,8871; 11,92139
179,7011; 0; 76,83678; 2,931575
473,4868; 0; 1097,486; 8,912672
65,99435; 0; 499,4436; 4,251716
89,87447; 0; 442,058; 5,224341
133,0285; 0; 315,1028; 2,38051
113,8234; 0; 389,7166; 5,60842
139,8578; 0; 298,2382; 4,109243
107,2725; 0; 423,9452; 5,13987
88,25053; 0; 409,5625; 5,951533
196,393; 0; 802,0035; 8,461424
166,2639; 0; 251,2093; 2,674785
133,8723; 0; 699,3699; 7,414206
176,6417; 0; 247,6327; 2,841934
174,0843; 0; 241,6603; 3,066052
105,9905; 0; 678,2008; 8,077439
93,04375; 0; 611,3598; 7,928612
186,7322; 0; 230,3893; 2,281066
171,677; 0; 233,2693; 2,938491
121,2257; 0; 476,888; 7,783684
185,105; 0; 178,7752; 3,960753
97,40636; 0; 514,8108; 11,04445
184,9023; 0; 234,2496; 1,908558
181,394; 0; 226,7636; 4,266851
179,8336; 0; 137,8774; 3,642761
185,656; 0; 198,3546; 5,610232
179,3852; 0; 167,0477; 5,041286
179,1401; 0; 237,8547; 4,778939
182,7081; 0; 102,9419; 3,913873
186,6015; 0; 119,1154; 10,27017
177,6939; 0; 72,74245; 5,336213
188,9722; 0; 73,60771; 6,150535
549,0825; 0; 1115,339; 8,752778
87,08258; 0; 530,4708; 3,65751
86,58171; 0; 463,423; 3,711166
128,1089; 0; 330,0746; 2,338804
101,3533; 0; 407,0269; 3,279991
134,772; 0; 310,1361; 3,192856
83,39312; 0; 440,5138; 3,049597
93,04636; 0; 446,3704; 5,730745
238,7627; 0; 876,0167; 8,723728
157,0331; 0; 271,9558; 2,737023
167,1549; 0; 763,5814; 7,208605
155,1177; 0; 260,8716; 2,893416
151,8291; 0; 259,6686; 3,167108
154,6245; 0; 738,7468; 7,831282
97,69567; 0; 660,815; 6,418496
180,9525; 0; 258,0044; 3,651367
149,7547; 0; 250,176; 2,858713
84,76741; 0; 546,0255; 8,319077
184,6593; 0; 205,86; 3,920887
96,60487; 0; 600,2022; 10,19238
174,825; 0; 264,5914; 4,708193
171,1691; 0; 270,7928; 5,04706
183,6199; 0; 161,0843; 3,603847
184,4247; 0; 243,3335; 4,475937
180,8266; 0; 204,0245; 4,106352
159,0746; 0; 302,7741; 9,760233
186,3292; 0; 128,2651; 4,138606
187,9181; 0; 205,1661; 5,101909
177,4187; 0; 115,2098; 4,725303
183,6983; 0; 124,2125; 4,213307
179,9757; 0; 85,18668; 3,266898
185,3777; 0; 62,43177; 2,355287
612,8589; 0; 1154,28; 8,517045
83,37366; 0; 573,05; 6,010945
73,09044; 0; 485,3904; 2,955492
123,1465; 0; 346,367; 2,98367
79,1586; 0; 423,5141; 3,673871
131,1074; 0; 324,3712; 2,535881
96,41921; 0; 471,148; 4,034273
83,30004; 0; 468,9644; 4,795764
263,5377; 0; 952,818; 8,283994
155,5537; 0; 292,7878; 2,429072
202,8593; 0; 827,2189; 7,328807
136,7458; 0; 282,8067; 3,121116
134,3; 0; 291,4248; 6,670141
191,5763; 0; 808,197; 7,913511
135,7399; 0; 709,1774; 6,281087
164,2176; 0; 276,7878; 3,272146
147,1994; 0; 277,6244; 3,229769
98,66724; 0; 618,4273; 8,972918
178,5509; 0; 231,743; 2,458373
93,82544; 0; 664,1556; 7,539467
146,1044; 0; 292,1678; 5,870535
159,3171; 0; 306,0717; 5,594581
185,6214; 0; 184,308; 3,232316
159,1349; 0; 271,6957; 3,987916
183,2993; 0; 246,2172; 4,432771
81,56307; 0; 401,3716; 14,84095
180,1252; 0; 154,9388; 3,952266
177,2843; 0; 266,814; 7,072705
182,5374; 0; 152,0861; 3,044242
185,545; 0; 172,5538; 5,647097
178,5657; 0; 118,9144; 4,560695
181,8444; 0; 80,4938; 2,402612
176,1973; 0; 67,49056; 4,107919
185,7145; 0; 78,41133; 7,156674
677,5792; 0; 1188,748; 8,264669
86,79343; 0; 600,5897; 4,29628
84,09924; 0; 513,0958; 3,763718
118,677; 0; 363,2216; 3,99649
92,35172; 0; 454,5089; 5,412466
125,7588; 0; 338,9932; 2,327594
70,23799; 0; 494,3965; 3,497074
75,44413; 0; 494,3125; 3,254437
283,135; 0; 1012,539; 5,981654
148,8344; 0; 303,909; 2,633226
236,5365; 0; 891,2301; 7,621229
132,4083; 0; 296,7159; 3,124234
144,6131; 0; 319,8764; 3,65337
231,0289; 0; 876,1525; 8,322537
170,9522; 0; 761,3098; 6,335372
147,0476; 0; 297,6869; 2,279705
137,1244; 0; 311,3874; 3,337655
110,5309; 0; 672,3007; 7,627668
181,9447; 0; 255,4423; 2,732391
144,666; 0; 730,2362; 8,565417
134,8219; 0; 329,4699; 5,73055
125,7694; 0; 322,1157; 4,499372
184,1939; 0; 210,7367; 2,896609
138,0384; 0; 310,975; 1,832672
157,4324; 0; 276,9802; 4,533509
72,55328; 0; 541,4673; 15,79768
183,6813; 0; 183,6473; 3,984984
147,9574; 0; 343,1065; 9,649747
182,4914; 0; 180,4677; 3,158499
186,0653; 0; 210,1592; 3,739618
184,9577; 0; 154,0119; 3,998421
182,8404; 0; 99,38451; 3,098154
183,6591; 0; 88,32936; 3,499928
181,512; 0; 176,9673; 7,771808
185,8172; 0; 110,091; 8,844543
190,2317; 0; 64,21906; 3,113883
182,7447; 0; 67,8886; 5,370877
744,9225; 0; 1217,065; 8,23457
99,54478; 0; 637,1555; 4,700557
72,46394; 0; 544,2085; 4,127867
115,1707; 0; 378,3588; 4,188995
76,01308; 0; 473,4509; 4,452982
120,2101; 0; 354,1992; 2,621083
90,58667; 0; 526,4236; 4,35161
76,82349; 0; 525,735; 4,806627
340,7356; 0; 1037,515; 8,055932
141,85; 0; 315,5517; 3,327856
263,6095; 0; 956,1797; 7,746221
128,7434; 0; 310,3533; 3,581945
139,423; 0; 331,784; 3,639832
259,9649; 0; 946,0983; 7,902681
204,8971; 0; 815,2359; 6,395517
123,3662; 0; 314,1448; 3,587893
129,9741; 0; 324,6667; 2,728206
144,7384; 0; 732,7377; 7,828015
164,3626; 0; 276,5316; 3,108831
194,8786; 0; 798,2884; 8,414071
127,5602; 0; 355,0001; 3,110447
124,9673; 0; 361,1364; 6,17289
181,4799; 0; 236,0405; 3,496718
137,6256; 0; 349,4355; 6,145802
127,3118; 0; 300,4154; 4,400641
124,4104; 0; 667,8026; 12,56562
184,9481; 0; 213,5042; 4,070199
65,26503; 0; 423,0439; 11,51701
179,4724; 0; 212,3916; 4,954489
172,2859; 0; 256,2982; 4,877591
182,3993; 0; 191,0583; 4,50743
183,5921; 0; 118,3417; 3,197385
189,2788; 0; 111,3566; 2,83113
187,4321; 0; 235,2761; 3,407047
182,5079; 0; 204,0414; 9,645283
193,409; 0; 89,24452; 2,228502
187,6169; 0; 95,01392; 4,489427
176,0014; 0; 126,7035; 11,37686
181,9988; 0; 74,41838; 7,076324
804,8239; 0; 1253,156; 9,678961
122,4759; 0; 676,9805; 4,98758
92,40221; 0; 574,8976; 5,611086
110,1688; 0; 391,0388; 3,355288
70,98985; 0; 494,4397; 2,758647
115,1008; 0; 370,5659; 3,541407
73,11481; 0; 562,2095; 5,618344
79,69038; 0; 558,9562; 4,524475
424,2992; 0; 1050,803; 9,503743
131,7597; 0; 323,562; 3,879218
278,6849; 0; 1011,417; 6,235301
143,9687; 0; 339,8517; 3,726087
131,0246; 0; 341,9261; 2,731959
272,6021; 0; 1008,577; 6,333854
221,4406; 0; 875,356; 6,44467
119,0541; 0; 339,2282; 2,543019
132,2248; 0; 354,2129; 2,68501
182,0132; 0; 794,5608; 7,401752
163,8321; 0; 300,57; 2,572149
235,5526; 0; 872,6665; 8,763418
94,36407; 0; 376,9556; 5,30528
118,7639; 0; 391,759; 4,526236
176,8651; 0; 238,1507; 2,843649
120,2949; 0; 368,5503; 3,15483
136,0394; 0; 334,0377; 5,764622
170,4707; 0; 776,5806; 10,37149
181,1861; 0; 235,6491; 1,637443
96,632; 0; 545,8375; 12,56368
187,051; 0; 250,7259; 3,787198
149,3917; 0; 299,8201; 7,726745
179,3784; 0; 229,419; 3,174757
183,9199; 0; 137,4922; 2,548118
189,8134; 0; 140,0856; 4,611854
174,6053; 0; 290,0887; 7,668982
194,2413; 0; 251,304; 5,673914
192,158; 0; 115,6551; 2,140461
188,5169; 0; 122,5083; 3,962457
186,1899; 0; 240,7935; 7,125402
184,1095; 0; 117,6968; 4,71858
180,9492; 0; 76,117; 3,843393
187,325; 0; 69,211; 3,710531
174,9665; 0; 64,35712; 3,665319
815,8416; 0; 1343,176; 8,204539
144,0841; 0; 719,7186; 5,062832
87,16595; 0; 601,932; 4,019502
103,2235; 0; 403,7334; 2,649606
83,38704; 0; 520,9758; 3,681517
111,1678; 0; 386,5154; 4,249869
98,70142; 0; 592,6055; 4,667672
92,30403; 0; 595,6951; 5,694951
493,1557; 0; 1095,811; 8,904372
125,7429; 0; 334,1017; 3,894437
337,6409; 0; 1036,146; 7,756949
136,4695; 0; 350,9436; 3,244893
122,246; 0; 354,1778; 2,73355
332,2026; 0; 1035,632; 7,443949
247,3937; 0; 931,4501; 6,610274
110,2183; 0; 360,0189; 3,740971
123,024; 0; 366,745; 3,55697
223,0518; 0; 853,4404; 7,89042
156,2339; 0; 312,1544; 2,822793
247,8308; 0; 956,2661; 8,929767
73,22042; 0; 412,2746; 4,178414
93,13297; 0; 419,0437; 6,432029
174,9506; 0; 240,0578; 2,798442
91,39447; 0; 389,7452; 5,447185
127,6219; 0; 354,1677; 3,011282
224,6271; 0; 845,5924; 7,868327
179,6642; 0; 262,4167; 3,527484
89,48395; 0; 633,5624; 7,467311
157,0458; 0; 281,8044; 4,83877
128,9177; 0; 332,295; 3,302007
166,7984; 0; 259,2411; 3,531258
180,8654; 0; 157,9816; 2,682563
180,4349; 0; 162,5276; 3,121104
119,5231; 0; 345,4103; 8,544243
148,6096; 0; 305,8519; 9,507775
190,9623; 0; 140,8978; 2,526388
182,8893; 0; 145,7453; 2,430815
166,6325; 0; 302,8218; 9,202316
181,5176; 0; 170,4874; 7,488689
186,6555; 0; 96,30962; 2,677519
180,7071; 0; 102,5339; 3,503569
178,6882; 0; 88,50167; 3,128125
188,9805; 0; 66,52443; 3,74781
907,1835; 0; 1384,597; 6,20049
167,4165; 0; 763,8564; 5,234595
79,91357; 0; 628,6161; 2,435558
104,1625; 0; 424,6591; 3,076757
71,36501; 0; 551,4574; 4,244658
107,2364; 0; 399,9279; 3,883703
109,9593; 0; 635,1646; 4,981453
77,38193; 0; 626,6539; 2,363553
558,7335; 0; 1135,216; 8,112142
120,0174; 0; 344,6973; 3,800792
408,4801; 0; 1049,694; 8,606063
128,7726; 0; 362,1503; 2,835793
113,7272; 0; 367,0651; 2,730417
410,9177; 0; 1050,777; 9,149919
274,0862; 0; 984,6218; 6,300961
98,62008; 0; 376,1726; 4,500532
114,0165; 0; 383,1974; 3,861099
246,0484; 0; 919,6971; 7,631413
148,9269; 0; 323,2289; 2,866265
304,1544; 0; 1014,893; 7,020442
94,23852; 0; 447,0962; 5,36042
85,55775; 0; 446,5996; 4,840142
175,111; 0; 242,1584; 2,693621
91,05273; 0; 422,3949; 4,882314
100,475; 0; 372,3024; 3,920584
240,0348; 0; 934,2137; 9,273184
164,6939; 0; 285,234; 3,462905
113,562; 0; 689,1023; 7,995578
137,7345; 0; 310,3262; 3,853357
105,1986; 0; 369,6362; 4,381851
156,2572; 0; 290,2533; 4,649489
182,3124; 0; 180,0509; 2,575584
182,7498; 0; 188,111; 3,240116
68,55491; 0; 416,2014; 10,04795
86,25538; 0; 386,9604; 13,16755
189,8658; 0; 164,0472; 1,943612
185,542; 0; 169,6621; 2,763031
112,3622; 0; 388,8499; 8,407176
185,8704; 0; 232,1663; 5,587617
181,4082; 0; 118,1492; 2,536208
181,4397; 0; 137,6875; 5,07857
174,4399; 0; 115,7848; 2,49327
181,8843; 0; 86,31685; 2,531595
190,7515; 0; 119,2917; 9,310726
191,7756; 0; 70,40144; 4,166668
182,9596; 0; 79,2411; 8,600585
195,8773; 0; 806,9715; 5,239474
93,68462; 0; 655,3676; 4,61093
101,3874; 0; 439,5992; 4,064024
90,83239; 0; 577,4718; 5,309597
100,6826; 0; 412,3479; 3,361251
125,0485; 0; 675,2343; 5,064485
87,03753; 0; 653,2853; 4,510137
636,4476; 0; 1150,981; 8,049052
114,8539; 0; 354,7068; 3,457214
471,7029; 0; 1079,532; 7,903868
120,9357; 0; 373,5579; 2,627952
107,01; 0; 381,4872; 2,717612
480,7483; 0; 1086,724; 8,631824
318,6856; 0; 1022,626; 5,920022
95,87895; 0; 391,7596; 2,953887
97,34028; 0; 401,376; 3,39566
251,7799; 0; 988,0225; 7,64862
141,0073; 0; 335,0104; 2,669118
371,8343; 0; 1054,178; 9,602571
63,48136; 0; 471,2486; 5,162567
103,4335; 0; 480,528; 5,137086
175,6936; 0; 245,3855; 3,083339
88,43262; 0; 444,1069; 3,949589
103,8051; 0; 407,7459; 4,955182
293,6297; 0; 1008,443; 8,18942
155,0155; 0; 308,131; 4,655711
162,823; 0; 756,5659; 8,411856
141,1103; 0; 347,3269; 5,145739
97,09664; 0; 409,7535; 3,536004
140,1212; 0; 313,4814; 4,752738
182,2326; 0; 203,102; 2,598567
183,4526; 0; 215,0745; 3,69225
101,8; 0; 515,5374; 9,803496
114,1927; 0; 470,3658; 7,125921
188,7865; 0; 186,8333; 2,318971
184,0993; 0; 193,8899; 2,961967
119,8359; 0; 490,4459; 12,13195
165,1706; 0; 285,2272; 6,200866
184,9451; 0; 140,8463; 2,547929
185,4596; 0; 172,8235; 5,027483
175,2646; 0; 139,8808; 2,686663
182,3136; 0; 109,2148; 3,786815
184,288; 0; 191,7609; 4,887798
188,1364; 0; 102,879; 4,861719
184,0639; 0; 167,0328; 8,651137
181,3191; 0; 72,47028; 2,774182
181,4554; 0; 67,94865; 3,277403
224,1059; 0; 849,2446; 4,725965
119,9803; 0; 684,7085; 4,240028
97,95391; 0; 450,1284; 2,675568
91,06374; 0; 599,4841; 3,385642
97,02339; 0; 425,6131; 3,042055
141,3815; 0; 716,3388; 4,641944
114,685; 0; 681,5459; 4,117924
691,8406; 0; 1210,678; 8,249657
110,1226; 0; 365,4138; 3,127845
525,417; 0; 1117,241; 6,990882
112,7327; 0; 385,4732; 2,62393
102,8895; 0; 396,7258; 3,316414
541,2716; 0; 1124,544; 7,603854
381,205; 0; 1051,726; 8,513535
69,87997; 0; 410,3779; 2,517947
73,74009; 0; 417,6053; 3,343195
315,3019; 0; 1001,063; 7,647843
133,1774; 0; 346,6066; 2,497071
474,8994; 0; 1069,417; 9,926383
75,43523; 0; 501,9458; 4,530159
71,90665; 0; 502,5337; 4,5734
176,9468; 0; 247,0253; 3,231942
72,89306; 0; 466,8306; 3,456663
75,2425; 0; 426,4823; 4,688495
367,6356; 0; 1050,907; 10,39956
150,2534; 0; 324,0073; 4,601758
210,47; 0; 825,1428; 8,41654
108,6372; 0; 369,525; 6,1817
78,19524; 0; 448,1237; 6,404665
122,7746; 0; 326,4124; 3,507594
182,2647; 0; 231,5874; 2,290779
185,3884; 0; 241,8092; 3,01489
90,55562; 0; 593,2155; 8,267461
68,55322; 0; 531,9136; 6,35541
187,6034; 0; 211,8115; 2,682064
183,4221; 0; 220,86; 3,325397
59,39251; 0; 581,8033; 7,0207
126,5149; 0; 334,9003; 7,186709
180,5822; 0; 164,7267; 3,001177
183,2435; 0; 210,5827; 4,084095
176,2377; 0; 162,1693; 1,499083
184,2882; 0; 132,2879; 3,498323
182,2939; 0; 239,7561; 3,958173
178,9666; 0; 137,126; 5,305417
177,4698; 0; 231,0021; 6,153968
185,663; 0; 92,5592; 2,356691
184,9792; 0; 114,9568; 6,769725
179,449; 0; 74,43089; 3,701594
183,4341; 0; 76,04277; 6,335933
189,1813; 0; 78,70361; 8,419974
239,8388; 0; 891,8055; 4,882832
144,3991; 0; 717,8586; 4,608047
88,24397; 0; 463,7945; 2,91551
80,53152; 0; 628,6607; 2,756323
90,87337; 0; 438,8464; 2,335814
167,1555; 0; 754,8815; 4,690082
135,1012; 0; 720,5985; 5,049754
773,131; 0; 1215,024; 7,574767
105,4608; 0; 376,2385; 2,844124
594,5297; 0; 1129,377; 7,422958
104,0938; 0; 398,485; 2,915542
96,4958; 0; 411,0763; 3,618589
614,2562; 0; 1139,898; 7,615448
445,242; 0; 1066,794; 7,691341
71,31699; 0; 435,9392; 3,901922
88,11141; 0; 432,6292; 2,015074
368,0957; 0; 1051,693; 8,527761
125,5799; 0; 358,7299; 2,446317
541,7272; 0; 1135,427; 8,225604
81,81561; 0; 531,4622; 3,961327
96,25819; 0; 536,811; 5,111298
178,8751; 0; 245,3488; 3,13595
87,02289; 0; 496,549; 4,143613
88,28742; 0; 453,4362; 4,311797
480,2799; 0; 1075,543; 11,94432
140,8011; 0; 334,4089; 2,703055
231,4618; 0; 894,011; 6,337429
100,6615; 0; 396,2024; 2,613449
92,46745; 0; 479,2725; 6,195366
124,6312; 0; 355,7554; 2,777804
171,6217; 0; 239,0549; 2,148347
172,5641; 0; 261,3636; 2,605732
87,6419; 0; 652,3775; 6,814369
81,65057; 0; 600,1723; 8,995924
186,3006; 0; 237,8941; 2,705119
167,5826; 0; 236,6517; 2,60316
83,95422; 0; 644,8926; 7,172711
120,374; 0; 376,6949; 4,211965
182,8135; 0; 190,2008; 3,246691
183,2888; 0; 242,0179; 3,108797
177,2108; 0; 184,4572; 2,276493
183,5459; 0; 155,5515; 3,278807
152,4315; 0; 298,3052; 9,494908
186,511; 0; 170,9842; 4,032046
142,6019; 0; 293,4586; 9,358634
183,1316; 0; 113,625; 2,999015
180,0093; 0; 166,0307; 5,370729
185,8515; 0; 95,70348; 2,705231
178,0137; 0; 153,3121; 6,352949
176,8295; 0; 160,8845; 7,210178
185,7541; 0; 75,27145; 3,768206
178,1048; 0; 79,8515; 8,52457
184,7554; 0; 63,56156; 3,577256
254,2744; 0; 933,968; 4,924384
164,2957; 0; 756,0913; 4,533124
78,41334; 0; 476,8568; 3,300385
100,8604; 0; 654,6994; 4,161637
80,49133; 0; 455,0055; 3,957136
190,6206; 0; 797,0395; 4,931564
167,4901; 0; 757,3549; 4,579805
808,8717; 0; 1292,272; 9,022158
100,8455; 0; 387,2996; 2,625705
642,5457; 0; 1183,263; 7,857172
95,52806; 0; 411,1945; 3,217401
92,84962; 0; 425,1892; 3,980932
665,8614; 0; 1197,269; 7,901375
498,2695; 0; 1092,765; 6,245508
61,81145; 0; 457,9815; 2,593527
71,9768; 0; 453,7726; 3,234533
446,2692; 0; 1059,17; 8,944446
117,8718; 0; 370,9415; 2,441328
625,281; 0; 1145,796; 8,281096
73,79021; 0; 565,3145; 4,507415
84,83595; 0; 570,9104; 5,349321
176,8079; 0; 242,413; 2,8529
71,78705; 0; 533,9572; 5,386534
64,48132; 0; 479,9855; 4,955523
569,646; 0; 1143,34; 11,19221
129,6484; 0; 348,7084; 2,704093
267,6386; 0; 963,9955; 8,362131
94,89641; 0; 429,9911; 4,432224
65,32166; 0; 508,1484; 5,646208
120,5067; 0; 387,9287; 5,246258
164,7651; 0; 257,6345; 2,710923
159,6225; 0; 282,1299; 2,77106
135,7607; 0; 713,5308; 8,17595
111,4377; 0; 663,9729; 7,12857
176,0483; 0; 254,2905; 2,572601
161,8593; 0; 256,7378; 2,506957
129,8883; 0; 713,6265; 7,928179
93,28051; 0; 417,8796; 5,906459
182,3334; 0; 216,5435; 3,006784
159,7672; 0; 268,955; 4,198811
178,2808; 0; 208,9633; 2,452871
180,9788; 0; 179,6802; 2,768313
112,8545; 0; 417,0279; 15,22202
183,1742; 0; 208,7561; 4,304211
82,06685; 0; 404,9733; 16,56468
183,6395; 0; 134,834; 2,955091
178,5078; 0; 204,8021; 2,889467
182,2278; 0; 119,1511; 2,896909
181,6628; 0; 207,5911; 3,805202
178,2372; 0; 207,9642; 2,454159
180,3439; 0; 98,05334; 2,656002
186,269; 0; 187,465; 9,075674
186,4581; 0; 87,0472; 2,881053
191,0186; 0; 103,3938; 7,880105
187,7139; 0; 63,41058; 2,787681
263,714; 0; 975,2324; 4,600193
188,0057; 0; 794,1685; 4,544155
79,75859; 0; 495,7265; 4,488001
124,6571; 0; 686,2115; 4,246891
76,69999; 0; 466,2854; 2,72639
214,4455; 0; 839,2042; 4,957148
193,1854; 0; 798,4881; 5,085261
864,857; 0; 1357,79; 11,7345
96,14785; 0; 398,5291; 2,503563
713,0704; 0; 1189,246; 8,014517
83,54257; 0; 421,2867; 3,761578
93,00751; 0; 436,5318; 3,336761
743,7532; 0; 1199,873; 7,966103
543,8256; 0; 1130,235; 6,16935
60,91839; 0; 486,6169; 3,444577
72,81763; 0; 479,0988; 2,881318
503,0204; 0; 1109,225; 8,390348
110,2613; 0; 383,3993; 2,723325
683,8044; 0; 1207,59; 8,295066
98,09007; 0; 597,2422; 5,505235
83,29326; 0; 597,8211; 3,949215
173,7092; 0; 242,156; 2,695152
85,77541; 0; 563,6402; 5,118792
76,58727; 0; 506,2257; 4,080866
656,9329; 0; 1179,017; 10,10712
116,5947; 0; 363,8941; 4,157104
299,5144; 0; 1017,571; 5,284974
70,32484; 0; 452,656; 4,27419
92,69507; 0; 545,0674; 5,882211
104,3673; 0; 404,0398; 3,840545
153,3243; 0; 276,2579; 2,597852
151,0968; 0; 299,0252; 3,026852
180,9337; 0; 780,2223; 8,116762
145,7885; 0; 725,8957; 7,327413
165,1101; 0; 276,5676; 2,908992
149,0912; 0; 277,3113; 2,90572
173,9461; 0; 778,8138; 8,166625
91,01466; 0; 465,164; 6,985264
184,1727; 0; 239,8527; 2,690605
145,7383; 0; 295,5774; 3,674784
176,6218; 0; 233,6754; 2,507849
182,1563; 0; 205,9362; 2,897757
82,18067; 0; 494,3991; 4,118476
178,9421; 0; 239,4703; 3,317773
64,13918; 0; 511,6483; 8,801232
181,3602; 0; 156,683; 2,516634
183,0327; 0; 231,8508; 2,835652
184,1227; 0; 143,0065; 2,910979
168,7466; 0; 264,6311; 6,939866
180,447; 0; 233,4339; 3,933985
182,9973; 0; 123,0319; 3,586372
185,8613; 0; 261,2172; 7,192281
180,6212; 0; 108,9849; 2,608681
179,6644; 0; 203,6821; 10,41795
186,537; 0; 85,35471; 3,980883
182,9268; 0; 87,55748; 5,698935
184,6288; 0; 73,16281; 6,097197
292,7675; 0; 1010,518; 3,875315
211,2514; 0; 832,5052; 4,554799
90,37935; 0; 505,2174; 3,259012
144,2757; 0; 722,3954; 4,32618
78,11491; 0; 483,2903; 2,69792
229,7158; 0; 879,8823; 4,95786
217,7491; 0; 842,0274; 4,995371
91,26221; 0; 409,6443; 2,482131
758,9866; 0; 1241,406; 7,767982
82,0155; 0; 432,4442; 2,86046
87,44589; 0; 446,8395; 2,75398
779,7866; 0; 1273,304; 8,090081
606,0131; 0; 1136,347; 6,640422
64,00367; 0; 510,275; 3,834354
66,48952; 0; 500,4072; 3,018863
567,2265; 0; 1129,646; 7,927251
102,2749; 0; 396,1408; 3,308672
760,6912; 0; 1225,32; 8,137945
84,69465; 0; 630,4114; 3,214733
99,68761; 0; 631,6326; 3,9685
170,6509; 0; 243,3199; 3,017965
91,10546; 0; 588,046; 3,706772
86,80132; 0; 533,3596; 3,67143
739,8525; 0; 1209,811; 10,29494
105,6304; 0; 376,0775; 4,041733
356,5863; 0; 1042,33; 8,90477
90,10289; 0; 486,0565; 5,202497
91,74255; 0; 579,9583; 4,566339
84,26754; 0; 424,2307; 4,772948
153,6735; 0; 293,3045; 2,162252
145,6181; 0; 313,7756; 4,14474
219,258; 0; 831,863; 6,166089
181,0398; 0; 787,83; 7,195623
161,9844; 0; 304,8394; 3,718087
153,033; 0; 296,1052; 3,721076
209,4321; 0; 845,451; 7,301661
104,1507; 0; 518,7746; 6,914872
166,9413; 0; 253,0173; 2,224995
144,7662; 0; 326,2318; 5,593204
159,8203; 0; 254,1515; 3,378344
179,961; 0; 231,9098; 2,280245
96,29609; 0; 564,0984; 9,706298
167,416; 0; 270,8699; 3,683415
69,48532; 0; 593,8641; 10,33779
184,4494; 0; 180,9079; 3,66897
175,0881; 0; 267,5033; 4,847741
181,2778; 0; 168,5955; 3,747602
134,2234; 0; 324,8239; 9,678567
159,211; 0; 276,7948; 6,909529
183,5388; 0; 148,2111; 3,7791
145,8178; 0; 336,8367; 10,47495
185,0627; 0; 131,6709; 2,615355
184,279; 0; 270,2636; 6,415987
180,0802; 0; 105,8124; 3,283239
179,6568; 0; 131,1104; 4,539218
187,8465; 0; 124,2257; 6,948947
185,4621; 0; 75,79589; 3,372842
184,3294; 0; 75,28725; 5,435513
324,6531; 0; 1024,048; 2,825927
227,2671; 0; 869,6627; 4,176295
87,6823; 0; 517,8647; 2,646721
168,0388; 0; 757,707; 4,339437
82,82088; 0; 499,3693; 2,800844
244,6777; 0; 918,8356; 4,649802
235,7469; 0; 882,6494; 4,871139
86,7398; 0; 420,6179; 2,47516
817,6328; 0; 1272,174; 9,043533
82,84049; 0; 445,9158; 2,618576
78,39983; 0; 460,5767; 3,35406
858,6391; 0; 1326,938; 11,20622
646,9788; 0; 1184,759; 6,987363
67,70164; 0; 531,2171; 3,478361
66,22157; 0; 521,893; 2,722042
625,3269; 0; 1157,625; 7,618973
95,33852; 0; 411,1539; 3,312621
817,5637; 0; 1300,71; 11,43481
104,3132; 0; 665,5734; 4,737394
118,41; 0; 672,3818; 4,73478
167,3918; 0; 241,9855; 3,264248
79,86327; 0; 623,0708; 3,257291
83,47105; 0; 569,2178; 5,5148
812,7338; 0; 1272,917; 8,704522
98,60739; 0; 394,2767; 4,114148
443,1228; 0; 1059,094; 9,837461
65,71925; 0; 511,7492; 4,655493
81,57646; 0; 616,3919; 4,54199
86,94073; 0; 447,5218; 2,709237
149,4438; 0; 303,4049; 2,191578
143,2485; 0; 327,4536; 4,061511
240,8105; 0; 903,3651; 8,351533
217,7601; 0; 849,9598; 7,434395
148,2441; 0; 317,8003; 2,978286
149,9133; 0; 308,9752; 2,829081
234,2554; 0; 926,3068; 9,2679
87,03122; 0; 565,7526; 4,859661
158,6426; 0; 276,2939; 2,937125
136,0916; 0; 340,2258; 3,00393
149,9825; 0; 277,8815; 3,167615
183,3693; 0; 252,4477; 2,898947
97,81255; 0; 645,3766; 7,345782
142,7812; 0; 295,6709; 3,951539
115,6482; 0; 667,3215; 7,176738
184,4626; 0; 205,6082; 3,637915
154,0758; 0; 314,5786; 4,65052
180,0884; 0; 196,9093; 2,903681
70,30556; 0; 418,2063; 14,45046
146,0235; 0; 345,9615; 8,400579
184,6943; 0; 173,95; 2,852265
66,57145; 0; 422,2968; 12,64427
180,7647; 0; 155,2108; 2,747622
152,7383; 0; 335,7976; 9,477845
186,2679; 0; 128,5774; 3,136937
179,9525; 0; 181,6694; 5,134102
185,4669; 0; 168,7247; 5,181428
179,1102; 0; 100,4043; 2,84223
184,8999; 0; 157,6927; 7,886815
175,5885; 0; 103,5342; 6,816738
189,9086; 0; 121,7076; 10,32541
177,811; 0; 63,05964; 2,646468
367,3949; 0; 1029,856; 5,819155
241,8696; 0; 905,5894; 4,172953
80,86776; 0; 539,6774; 3,698212
191,5165; 0; 795,7611; 4,597608
78,9436; 0; 520,5919; 3,154179
252,4549; 0; 959,7392; 5,141615
251,2568; 0; 923,8328; 5,005408
86,23197; 0; 434,1067; 2,569101
824,5171; 0; 1351,188; 8,240752
84,76086; 0; 462,3251; 3,478145
72,19011; 0; 471,7586; 3,212981
908,1583; 0; 1388,437; 5,169381
709,0251; 0; 1188,621; 7,133265
77,19807; 0; 551,1144; 2,942038
72,30284; 0; 540,4807; 2,946056
678,8049; 0; 1192,409; 7,617088
99,75918; 0; 439,7285; 4,472403
867,3058; 0; 1405,21; 11,96246
130,5105; 0; 698,7931; 4,522924
142,4874; 0; 712,3194; 5,182576
168,5863; 0; 239,1049; 3,116008
93,98296; 0; 653,8112; 5,002681
85,86423; 0; 590,6923; 3,577012
870,8987; 0; 1333,798; 11,27542
89,31435; 0; 408,1701; 3,532645
511,6708; 0; 1113,961; 9,255081
89,53575; 0; 538,8943; 3,866117
87,2784; 0; 644,9645; 3,826463
76,00436; 0; 472,5986; 2,768166
145,1493; 0; 313,6716; 2,363583
138,1319; 0; 339,623; 3,854947
272,2621; 0; 974,1867; 8,244263
245,3224; 0; 908,1974; 6,781062
121,1587; 0; 338,9085; 3,118654
143,021; 0; 322,9094; 2,450937
270,2367; 0; 999,7455; 6,453063
102,7066; 0; 614,6846; 6,3769
142,465; 0; 290,2222; 2,140973
112,9877; 0; 358,3437; 5,323056
149,5327; 0; 302,206; 3,421932
169,6379; 0; 272,9651; 2,812934
129,7416; 0; 711,902; 8,176917
139,8969; 0; 327,1457; 5,049517
150,2185; 0; 729,8612; 8,047113
180,0267; 0; 229,873; 2,117661
118,3001; 0; 354,568; 4,276414
179,0745; 0; 222,4204; 2,218493
67,14571; 0; 543,0858; 6,571203
72,16665; 0; 403,9415; 8,407035
182,5111; 0; 202,3995; 3,824766
109,3661; 0; 536,2908; 8,461388
182,1879; 0; 186,3341; 3,307132
76,0704; 0; 410,6584; 7,444715
180,3994; 0; 152,7717; 3,692714
184,7534; 0; 230,2573; 2,796778
184,2889; 0; 207,5639; 5,493792
183,4714; 0; 126,2229; 3,455124
181,5567; 0; 228,7438; 3,245398
188,263; 0; 159,0944; 7,003637
180,355; 0; 200,8251; 6,212502
180,546; 0; 83,50166; 3,587388
178,3872; 0; 123,2685; 9,178045
186,0892; 0; 71,94827; 5,033046
400,2657; 0; 1043,164; 4,478736
254,2146; 0; 941,5469; 4,058824
83,69283; 0; 555,7333; 2,740257
213,4721; 0; 834,7715; 4,533269
77,59783; 0; 538,9176; 3,054025
261,6917; 0; 995,7312; 2,98154
262,1989; 0; 963,9076; 4,568321
87,37686; 0; 447,7911; 3,646209
912,7462; 0; 1376,782; 5,239264
85,15222; 0; 474,2215; 3,122346
73,61998; 0; 484,9755; 2,748843
749,1268; 0; 1234,878; 7,205527
88,9637; 0; 570,3693; 4,273334
79,61269; 0; 566,1267; 2,704336
738,0437; 0; 1213,162; 7,622971
84,22173; 0; 457,6808; 3,476498
153,4222; 0; 737,1806; 4,663685
163,5645; 0; 756,6063; 5,171369
170,7826; 0; 240,1099; 2,919059
120,2368; 0; 688,6833; 4,624107
96,23452; 0; 623,2442; 4,667327
884,0413; 0; 1419,216; 3,190697E-05
86,73959; 0; 424,7061; 2,407612
588,9593; 0; 1138,291; 9,226119
73,33782; 0; 569,5594; 3,58894
118,7054; 0; 681,5086; 5,319126
84,12187; 0; 501,5446; 4,515793
140,4869; 0; 323,4989; 2,417821
132,399; 0; 351,208; 3,36209
310,0435; 0; 1022,697; 6,099219
257,0533; 0; 976,9884; 6,927105
121,0652; 0; 361,6671; 5,171822
137,3615; 0; 333,3021; 2,470546
327,07; 0; 1032,905; 7,513244
99,33248; 0; 658,7921; 5,371576
137,7289; 0; 304,3597; 2,786413
105,8575; 0; 374,6139; 2,903496
136,5946; 0; 318,4474; 2,978657
148,8176; 0; 293,3032; 4,441282
181,7825; 0; 782,1556; 8,847816
126,1336; 0; 345,0919; 3,39752
187,2618; 0; 801,4669; 8,090705
184,9236; 0; 248,5087; 2,326739
115,8482; 0; 398,7696; 6,12784
164,7183; 0; 241,5033; 3,21288
71,7412; 0; 620,5593; 9,552442
56,12337; 0; 483,0934; 7,008351
179,5555; 0; 229,5607; 2,566057
87,97528; 0; 610,7214; 8,386679
183,194; 0; 212,3927; 3,54296
69,79684; 0; 477,9673; 7,578226
182,4054; 0; 177,7517; 3,000513
176,9273; 0; 261,8499; 4,644549
168,4424; 0; 240,3167; 3,214097
183,8182; 0; 152,5339; 3,93188
170,7718; 0; 277,8753; 6,828199
187,6278; 0; 211,2969; 2,951424
160,2365; 0; 256,4815; 6,476552
186,0085; 0; 102,6282; 3,515733
181,1964; 0; 215,4697; 7,279099
180,7116; 0; 115,0881; 4,221532
178,0711; 0; 88,82799; 5,445014
185,2045; 0; 86,63041; 4,764141
186,796; 0; 78,8251; 8,658175
180,1228; 0; 72,60806; 6,412092
433,5944; 0; 1067,113; 5,086869
261,2925; 0; 978,3088; 4,330464
87,77679; 0; 571,1851; 2,641621
229,7036; 0; 869,5121; 4,343643
83,29846; 0; 556,9543; 2,824113
283,9331; 0; 1010,834; 2,746486
265,5209; 0; 1001,378; 2,625978
87,47362; 0; 457,3724; 3,025097
77,07179; 0; 486,9993; 2,634572
81,32327; 0; 500,927; 3,078882
802,6078; 0; 1258,876; 8,404195
87,25451; 0; 586,6107; 2,63234
77,24336; 0; 580,6942; 3,436338
793,1688; 0; 1246,687; 9,744454
74,15351; 0; 471,8201; 3,923388
179,6564; 0; 775,6084; 4,774162
190,7202; 0; 799,6136; 5,136719
173,5675; 0; 242,3372; 2,678662
145,8885; 0; 726,2895; 4,963892
106,0888; 0; 654,6676; 4,304811
76,65352; 0; 446,92; 3,565938
657,4689; 0; 1178,802; 9,136906
93,65615; 0; 603,2761; 5,729547
139,549; 0; 724,8751; 4,586618
79,44164; 0; 521,6443; 3,547294
135,7717; 0; 334,4868; 2,609314
125,5168; 0; 362,2205; 2,836421
383,1535; 0; 1038,333; 8,668152
290,2981; 0; 1018,137; 6,359486
116,1664; 0; 370,3972; 3,149351
132,7823; 0; 343,6874; 2,559486
414,2482; 0; 1042,648; 9,09006
132,5821; 0; 707,5075; 6,188641
134,2628; 0; 318,1739; 2,888994
106,0702; 0; 403,7104; 5,323707
113,9026; 0; 334,3395; 3,609542
142,4976; 0; 307,3987; 3,8763
229,2007; 0; 857,4656; 9,017059
106,3742; 0; 366,0737; 5,267289
217,1768; 0; 876,5067; 8,457705
169,5595; 0; 267,4084; 2,902034
74,3314; 0; 421,5031; 6,251842
161,9005; 0; 265,1856; 3,065785
105,3957; 0; 674,6322; 7,339447
90,52119; 0; 541,6414; 6,670238
167,391; 0; 249,7484; 3,398388
99,35782; 0; 668,6407; 8,06666
184,1986; 0; 238,8139; 2,974983
76,83859; 0; 539,4152; 6,98265
183,3753; 0; 204,4302; 3,577645
145,8646; 0; 295,8437; 4,995116
153,3662; 0; 269,4358; 4,588688
184,2105; 0; 179,3163; 3,127174
136,0143; 0; 373,3886; 14,42084
181,1151; 0; 254,8352; 5,096136
112,077; 0; 322,9743; 10,4045
179,8951; 0; 123,0654; 3,121444
175,1266; 0; 281,0616; 6,609619
179,1572; 0; 156,2365; 5,443031
177,1161; 0; 117,1322; 2,249799
191,0469; 0; 119,5486; 3,41692
188,7397; 0; 135,1186; 8,788492
186,0172; 0; 120,9894; 5,078416
175,4077; 0; 117,222; 5,478677
176,3589; 0; 64,09686; 2,926983
464,5454; 0; 1089,314; 5,118647
286,2579; 0; 1007,7; 3,033764
87,07132; 0; 589,2139; 3,866631
244,3348; 0; 905,4576; 4,645485
89,97533; 0; 573,6183; 4,069108
310,2749; 0; 1018,649; 2,759381
289,0815; 0; 1012,682; 2,619151
81,9691; 0; 467,4001; 2,498916
73,75513; 0; 506,441; 3,396681
79,02925; 0; 518,8402; 2,749901
811,0605; 0; 1337,967; 6,542226
85,80452; 0; 611,7842; 4,050687
91,02834; 0; 603,7171; 2,855798
803,4879; 0; 1330,101; 8,189997
73,06467; 0; 483,5027; 2,452251
204,1836; 0; 816,1774; 4,823973
217,4466; 0; 842,6185; 5,047833
175,4323; 0; 246,0081; 3,098787
173,3981; 0; 764,4385; 4,863568
127,3703; 0; 688,8922; 4,264048
67,55546; 0; 475,4898; 2,301224
730,6659; 0; 1207,954; 9,233677
82,41035; 0; 634,4582; 2,886581
166,2041; 0; 766,9488; 5,159544
76,56947; 0; 545,1346; 3,245937
130,973; 0; 345,3793; 2,75917
118,3295; 0; 373,6349; 2,576164
446,5344; 0; 1085,494; 7,791642
352,9064; 0; 1047,355; 8,686002
109,2075; 0; 382,1705; 2,755415
127,7276; 0; 355,3421; 2,975416
483,2218; 0; 1100,198; 9,448874
168,5579; 0; 757,483; 6,034667
128,2355; 0; 332,2977; 2,982805
99,28601; 0; 418,959; 3,080389
122,4949; 0; 349,2401; 2,932199
133,4358; 0; 319,135; 2,510393
242,9909; 0; 944,4599; 9,242005
102,6319; 0; 385,7426; 3,241403
261,8683; 0; 946,3634; 8,411421
156,2405; 0; 287,0006; 2,920524
95,56738; 0; 463,707; 6,806323
150,5763; 0; 291,1694; 5,208623
149,5106; 0; 732,1563; 7,39677
85,27231; 0; 609,4665; 5,34602
155,6143; 0; 273,0916; 3,427732
144,7203; 0; 729,2924; 6,79846
162,2576; 0; 242,437; 2,733382
90,78551; 0; 592,0031; 5,467519
183,7901; 0; 230,8981; 2,473226
119,1701; 0; 332,835; 6,664283
136,2855; 0; 311,82; 6,984009
181,7069; 0; 208,4315; 4,072212
54,36925; 0; 483,0803; 11,29867
165,0558; 0; 297,6424; 6,015337
108,8034; 0; 451,8949; 15,30728
185,8807; 0; 144,8922; 3,399366
129,0427; 0; 373,4672; 14,65888
185,4847; 0; 200,2315; 5,513657
185,7271; 0; 153,229; 3,846178
190,7323; 0; 145,7547; 2,675561
182,3675; 0; 224,4103; 8,847105
186,3573; 0; 173,8774; 5,439739
188,239; 0; 198,392; 4,396418
184,3643; 0; 81,83355; 2,657436
189,1535; 0; 76,3637; 2,71125
184,0871; 0; 77,11312; 6,739282
503,5081; 0; 1099,664; 4,69711
311,2929; 0; 1017,92; 2,450869
89,32255; 0; 599,5179; 3,07565
256,149; 0; 941,6522; 4,826529
76,94564; 0; 595,6529; 3,612198
343,5277; 0; 1024,193; 5,133281
314,4714; 0; 1019,141; 2,62119
76,5464; 0; 479,6801; 2,478017
75,47237; 0; 521,5689; 2,879032
74,43501; 0; 538,7165; 3,49282
887,6172; 0; 1371,811; 9,283525
80,92297; 0; 631,7379; 2,282322
89,45061; 0; 622,9467; 2,707551
889,5496; 0; 1354,128; 7,617092
85,1104; 0; 502,3768; 3,478901
217,6226; 0; 858,1588; 4,764558
235,0324; 0; 883,1108; 4,633287
178,1823; 0; 246,5939; 3,251472
196,5507; 0; 807,8184; 5,001801
147,5902; 0; 726,4016; 4,497797
62,49685; 0; 501,6453; 3,678689
794,3596; 0; 1259,798; 9,710117
105,1892; 0; 667,0029; 4,571613
192,5534; 0; 813,174; 5,426403
94,2946; 0; 567,7251; 4,2216
125,9995; 0; 356,0334; 2,881458
110,6304; 0; 385,4877; 2,55697
526,4551; 0; 1096,023; 8,304037
436,3112; 0; 1051,54; 8,104654
102,1583; 0; 394,5716; 2,555066
121,818; 0; 367,4692; 3,679543
561,0479; 0; 1127,073; 9,253945
196,7876; 0; 800,029; 5,045169
129,8089; 0; 357,1994; 2,898117
77,58201; 0; 435,9814; 4,294247
120,433; 0; 374,6176; 3,579939
128,7225; 0; 333,9199; 2,671202
296,9232; 0; 1010,837; 7,114958
104,7237; 0; 415,3668; 5,004966
274,3028; 0; 1009,613; 6,404962
147,9907; 0; 298,3225; 3,19324
78,61639; 0; 497,5967; 5,232575
144,0102; 0; 307,6825; 2,698611
190,5555; 0; 791,386; 7,26031
101,3234; 0; 666,6767; 4,778627
143,5631; 0; 293,3913; 3,793451
184,0903; 0; 791,8206; 7,589346
154,5823; 0; 265,5058; 2,809069
104,7922; 0; 655,6268; 6,628408
173,9893; 0; 254,4529; 3,370335
121,5942; 0; 379,8137; 5,707302
131,7906; 0; 340,7904; 3,986471
167,2818; 0; 226,7003; 2,682352
107,7836; 0; 570,2835; 6,946709
111,9953; 0; 327,967; 6,784685
87,25903; 0; 595,5147; 10,72679
182,6336; 0; 168,4223; 5,82058
54,15318; 0; 466,7097; 8,855888
180,3948; 0; 236,0408; 2,606264
180,7634; 0; 182,5605; 3,332018
189,3587; 0; 174,748; 3,404704
161,605; 0; 283,8127; 7,800694
179,7796; 0; 228,4784; 5,160885
183,1211; 0; 254,7449; 6,213835
181,6675; 0; 101,2173; 2,596169
192,3283; 0; 99,21355; 3,322654
181,9173; 0; 167,5846; 5,540063
180,9218; 0; 90,69963; 4,642899
181,823; 0; 73,04285; 6,538947
543,7238; 0; 1109,293; 5,157789
340,7754; 0; 1024,136; 4,926732
90,39462; 0; 618,0117; 2,917456
266,6674; 0; 974,65; 4,392484
78,67464; 0; 625,0425; 2,745385
372,7476; 0; 1046,745; 5,102419
349,279; 0; 1022,324; 4,672759
66,72141; 0; 492,9541; 3,063221
82,5065; 0; 538,5873; 2,634498
81,88229; 0; 554,0295; 2,745425
94,27076; 0; 655,6041; 3,083638
100,9895; 0; 643,4913; 3,369975
83,34212; 0; 518,5665; 2,444837
231,9642; 0; 897,4931; 5,013688
250,1405; 0; 924,2251; 4,712622
178,4049; 0; 242,7643; 2,990542
214,4943; 0; 850,6493; 4,444678
168,1734; 0; 765,6246; 4,624441
67,12615; 0; 515,6463; 3,361407
853,9993; 0; 1314,751; 10,36673
132,5603; 0; 700,7295; 4,580626
221,7129; 0; 857,1432; 5,695113
86,24713; 0; 591,4723; 3,795218
121,0368; 0; 367,0594; 3,115733
102,319; 0; 397,7194; 2,772713
584,0678; 0; 1151,299; 8,791427
490,0793; 0; 1104,212; 7,888113
112,5433; 0; 418,8534; 2,695682
116,2271; 0; 376,3055; 3,664202
634,378; 0; 1158,695; 8,590137
224,1574; 0; 843,2815; 5,732779
110,2497; 0; 371,0638; 4,176333
85,0708; 0; 460,1096; 4,142482
107,4297; 0; 387,0519; 2,45263
123,9386; 0; 349,2339; 3,510101
356,2043; 0; 1045,04; 9,183724
89,47091; 0; 429,9823; 3,968955
333,9313; 0; 1035,76; 7,707037
141,2866; 0; 309,7306; 3,134638
70,1766; 0; 546,3756; 5,945623
132,1761; 0; 321,0351; 2,364409
217,5856; 0; 845,3696; 6,146492
141,2197; 0; 721,9218; 7,265055
134,9376; 0; 315,0963; 1,961938
216,5592; 0; 857,5575; 7,185028
145,5429; 0; 286,1497; 3,113533
128,023; 0; 701,5957; 5,773987
159,134; 0; 275,1995; 3,39448
87,61945; 0; 405,4049; 5,956969
112,1225; 0; 383,0951; 5,688055
162,6138; 0; 246,0864; 3,114733
87,99349; 0; 644,3573; 5,469869
125,2179; 0; 379,0276; 5,670933
85,41567; 0; 651,9904; 6,263298
181,5718; 0; 197,4321; 2,712545
90,37722; 0; 531,0645; 6,966674
171,8541; 0; 274,034; 4,654853
181,6644; 0; 214,2888; 3,276465
187,9259; 0; 205,0034; 3,323544
129,3531; 0; 350,8038; 7,331599
166,9397; 0; 267,1555; 5,068695
143,772; 0; 325,9297; 12,0777
185,0076; 0; 120,8369; 2,63822
186,5724; 0; 123,8645; 2,717593
190,8492; 0; 249,4999; 6,814925
176,2207; 0; 128,2423; 4,931201
187,709; 0; 119,5739; 2,931944
190,5227; 0; 117,9509; 6,033511
182,3321; 0; 72,7103; 2,693081
185,6378; 0; 75,68918; 6,504563
575,1049; 0; 1133,623; 4,628994
367,8052; 0; 1043,818; 4,645794
91,44185; 0; 642,7684; 3,532843
269,3078; 0; 1003,681; 2,765193
89,60764; 0; 650,0528; 3,449514
406,0915; 0; 1057,797; 4,036408
380,4504; 0; 1049,001; 5,673353
72,3017; 0; 506,8808; 2,546756
86,41356; 0; 557,8295; 3,902587
87,33449; 0; 569,3393; 3,352603
111,9727; 0; 679,4011; 3,643905
110,9497; 0; 668,5933; 3,17543
76,26143; 0; 539,826; 3,635143
244,0327; 0; 936,775; 5,04075
259,694; 0; 965,1215; 4,577418
175,6324; 0; 242,7471; 2,800436
230,2991; 0; 889,8293; 4,591722
193,1286; 0; 804,3643; 4,661743
72,23734; 0; 533,1542; 1,843761
863,4671; 0; 1413,832; 4,415631
154,4807; 0; 740,6125; 4,729582
240,14; 0; 901,0469; 5,567739
80,42273; 0; 615,8265; 4,07788
115,8158; 0; 377,8763; 3,36834
93,7897; 0; 410,5933; 3,720382
659,6171; 0; 1167,588; 8,857342
555,4564; 0; 1123,473; 7,861943
102,1977; 0; 427,9867; 2,512799
110,2488; 0; 385,6543; 3,064864
699,2301; 0; 1206,053; 8,429255
238,8068; 0; 894,2057; 4,974191
113,1161; 0; 393,9249; 4,82222
83,42595; 0; 477,689; 3,088406
97,61089; 0; 402,3864; 2,561584
119,7398; 0; 363,7054; 3,961918
458,0157; 0; 1070,427; 11,34993
78,91618; 0; 445,6381; 2,946469
419,0707; 0; 1043,553; 8,686525
135,8724; 0; 320,2669; 2,51103
79,99332; 0; 582,7278; 5,225805
132,257; 0; 334,9857; 4,181076
246,4514; 0; 902,4087; 6,947225
181,7363; 0; 781,997; 7,290409
121,6714; 0; 329,1702; 3,115416
242,7715; 0; 929,9271; 8,131969
142,2077; 0; 298,7259; 2,603179
166,1125; 0; 755,1658; 6,527519
162,37; 0; 304,3495; 2,665955
95,65403; 0; 449,9309; 6,560194
90,66745; 0; 406,8765; 3,186637
154,7247; 0; 271,0785; 3,017708
123,3517; 0; 700,6735; 8,165959
85,07722; 0; 417,9299; 5,757525
128,2518; 0; 710,8702; 8,61705
181,3844; 0; 223,2242; 2,447142
75,73257; 0; 613,4011; 6,359892
157,3331; 0; 313,9162; 6,716367
184,2079; 0; 240,4892; 2,912439
186,6732; 0; 231,5746; 2,361628
87,80222; 0; 409,272; 5,63775
149,0168; 0; 307,7496; 6,774422
102,0111; 0; 396,162; 8,147784
180,6528; 0; 141,7004; 2,838282
181,3155; 0; 147,5319; 2,716138
161,2786; 0; 311,7157; 6,810749
181,6793; 0; 169,8978; 5,719672
186,9404; 0; 169,455; 6,149293
184,9008; 0; 184,9256; 9,776521
185,6425; 0; 93,86026; 2,550248
180,8273; 0; 168,598; 5,652472
182,4439; 0; 120,7861; 10,40724
183,7833; 0; 77,11837; 3,257891
180,6003; 0; 76,97054; 6,529938
187,7343; 0; 69,97203; 5,11123
605,12; 0; 1158,259; 4,709009
399,0119; 0; 1054,238; 3,753748
108,3254; 0; 662,7663; 3,005452
294,5998; 0; 1014,589; 2,770941
111,0527; 0; 670,5403; 3,53881
445,2468; 0; 1064,803; 5,539178
412,9728; 0; 1063,364; 4,298059
78,4342; 0; 522,4114; 2,481588
89,4366; 0; 568,8818; 3,275862
90,6851; 0; 584,8738; 3,298989
132,7739; 0; 700,9018; 3,337165
127,2039; 0; 692,7647; 2,896861
86,64229; 0; 559,441; 2,621506
255,0686; 0; 973,7956; 4,508714
262,9958; 0; 999,5203; 2,429808
173,2357; 0; 242,7267; 2,691581
243,4568; 0; 929,6054; 4,74702
215,6602; 0; 843,9318; 4,898923
71,25344; 0; 554,6615; 2,892207
181,9865; 0; 779,4449; 4,89338
255,7099; 0; 945,3038; 5,643518
97,68249; 0; 644,7466; 3,901183
110,6826; 0; 388,4593; 3,474734
83,38824; 0; 419,6992; 3,461888
718,0353; 0; 1214,748; 8,855909
614,3835; 0; 1154,756; 7,347077
96,76883; 0; 439,4471; 2,789284
104,9408; 0; 394,092; 2,369187
776,0957; 0; 1229,812; 7,911956
251,4955; 0; 949,001; 5,99768
101,1218; 0; 402,9359; 2,385966
69,46521; 0; 497,6131; 2,884478
82,15087; 0; 422,019; 3,888002
112,9141; 0; 376,2223; 3,164854
542,4406; 0; 1123,265; 10,27456
92,04599; 0; 470,9738; 4,213643
482,2371; 0; 1108,328; 8,290589
129,7164; 0; 332,0269; 2,38925
92,76064; 0; 619,9755; 4,822853
128,4323; 0; 347,7818; 3,718984
261,9536; 0; 973,3312; 7,007797
220,6536; 0; 838,6603; 6,202271
118,9405; 0; 357,3389; 4,491156
272,67; 0; 992,4201; 6,880838
137,7361; 0; 312,5797; 2,540756
202,6433; 0; 810,6614; 6,693608
140,1788; 0; 306,7903; 2,200541
73,94082; 0; 475,3614; 6,106634
100,6231; 0; 437,347; 3,472777
152,8744; 0; 296,1094; 3,31164
170,9232; 0; 764,1179; 7,814674
107,832; 0; 463,7265; 5,599138
178,9317; 0; 776,4193; 6,026974
179,3626; 0; 247,7099; 3,142006
94,42349; 0; 665,2358; 7,671562
135,1452; 0; 331,6399; 2,885857
172,9362; 0; 266,887; 3,27107
178,5361; 0; 259,1473; 2,759763
54,73835; 0; 480,2995; 8,672529
123,7208; 0; 337,6265; 5,614742
74,17526; 0; 453,7853; 8,798134
183,2385; 0; 166,4677; 5,112104
185,6982; 0; 172,7915; 3,37515
110,2602; 0; 406,2932; 14,31442
185,577; 0; 216,5777; 5,174623
180,2531; 0; 226,0279; 5,316268
188,1047; 0; 260,5204; 6,522924
182,7942; 0; 115,8078; 2,890797
184,3369; 0; 236,9434; 8,606448
186,0058; 0; 224,8173; 8,080446
178,3675; 0; 106,7354; 2,562612
187,8099; 0; 167,3585; 6,846287
184,6982; 0; 124,0445; 6,506196
181,0416; 0; 72,979; 3,628431
180,6011; 0; 69,88397; 2,716683
648,6126; 0; 1162,149; 5,621851
435,039; 0; 1061,149; 5,196723
124,7304; 0; 684,921; 3,235084
321,4318; 0; 1021,044; 2,766844
124,792; 0; 695,4478; 3,177533
476,2448; 0; 1078,212; 4,264917
453,5431; 0; 1071,696; 5,465728
85,36752; 0; 539,2209; 3,31403
88,27867; 0; 581,8148; 2,66934
93,61279; 0; 600,8611; 3,934244
147,3167; 0; 728,8965; 3,603518
143,2126; 0; 718,8209; 3,176476
96,11739; 0; 583,8499; 4,60048
285,2772; 0; 1004,589; 4,121404
284,3042; 0; 1011,09; 2,438749
169,3331; 0; 243,4717; 3,120569
255,5006; 0; 967,4681; 4,313655
229,4918; 0; 880,3964; 4,384737
73,68985; 0; 578,3446; 3,565218
204,5327; 0; 822,2046; 4,910241
271,6285; 0; 985,6512; 5,043831
114,4663; 0; 673,5757; 3,644057
105,6756; 0; 398,9409; 3,550246
79,58542; 0; 436,1937; 2,729141
793,8552; 0; 1227,143; 8,766372
667,4222; 0; 1195,74; 6,839417
87,13824; 0; 451,0867; 3,745329
99,22369; 0; 403,6635; 2,607113
826,1065; 0; 1298,328; 10,36029
282,1444; 0; 997,8569; 5,322959
100,6712; 0; 419,7417; 2,31073
87,79069; 0; 522,9308; 3,944989
84,80236; 0; 430,297; 2,253944
90,556; 0; 388,183; 3,301155
620,3311; 0; 1156,229; 9,149868
71,24042; 0; 491,7632; 4,437979
564,5552; 0; 1114,992; 8,35766
123,8494; 0; 343,9664; 2,304085
108,2018; 0; 670,0616; 4,760952
122,9116; 0; 359,9877; 3,1415
307,6846; 0; 1019,179; 6,042151
240,4312; 0; 906,3904; 7,424692
110,4505; 0; 368,4905; 3,773802
322,8522; 0; 1030,889; 6,999934
137,039; 0; 328,201; 3,696181
235,3507; 0; 870,1613; 7,123476
124,593; 0; 317,925; 2,953526
72,29398; 0; 507,8308; 4,076519
72,09235; 0; 459,9771; 3,527064
143,312; 0; 317,2249; 3,217078
209,7961; 0; 817,6062; 5,569742
76,70031; 0; 502,673; 4,597025
200,384; 0; 823,9654; 5,434804
160,7638; 0; 257,0978; 2,824345
143,398; 0; 727,4088; 6,279088
106,4729; 0; 354,7319; 5,75711
157,0688; 0; 290,8444; 3,605675
167,1073; 0; 286,6689; 3,161477
69,85402; 0; 552,2857; 8,49932
113,1593; 0; 366,203; 2,602946
73,14402; 0; 531,7122; 9,044259
184,7608; 0; 189,8878; 2,751333
184,1385; 0; 199,018; 2,857579
52,86142; 0; 515,4318; 10,41156
156,7472; 0; 230,7908; 2,81607
172,8933; 0; 258,4806; 3,549455
151,3333; 0; 337,2609; 12,67711
184,0722; 0; 138,1318; 2,829534
168,2319; 0; 303,2314; 9,075964
169,1542; 0; 296,1593; 7,668081
174,9256; 0; 132,1163; 2,7643
168,8924; 0; 252,8185; 9,196236
187,1166; 0; 172,2995; 5,944454
186,7422; 0; 91,5435; 2,799949
179,4885; 0; 117,3552; 5,181076
181,8027; 0; 114,5553; 5,444213
180,5484; 0; 73,81347; 6,465302
173,382; 0; 65,05684; 2,863823
677,5007; 0; 1182,455; 4,406654
463,8601; 0; 1072,735; 4,085023
136,7148; 0; 711,1632; 3,16101
357,0981; 0; 1025,842; 5,000114
143,6947; 0; 718,6152; 3,187959
508,4778; 0; 1102,553; 4,842991
487,2417; 0; 1082,63; 4,269769
87,1097; 0; 553,0549; 3,005154
88,20697; 0; 597,364; 2,64027
93,81739; 0; 617,4352; 3,940566
163,4738; 0; 756,4848; 3,292419
159,6733; 0; 746,0838; 3,229786
87,73617; 0; 609,3887; 2,716891
319,0938; 0; 1020,041; 3,374949
307,9254; 0; 1017,399; 2,452771
167,2946; 0; 241,063; 3,242048
281,012; 0; 1001,289; 4,400736
249,3232; 0; 915,0613; 4,867279
72,13668; 0; 608,6288; 3,67911
219,0167; 0; 865,4604; 5,131668
305,3692; 0; 1014,86; 2,869036
131,2492; 0; 704,4647; 3,964725
98,68776; 0; 409,8411; 3,671167
73,54355; 0; 450,695; 3,785299
819,9111; 0; 1318,344; 9,572299
735,0577; 0; 1203,296; 6,741644
84,38082; 0; 460,1649; 2,598814
93,06915; 0; 412,746; 2,459492
853,9707; 0; 1383,126; 11,09975
314,8416; 0; 1017,393; 3,384174
96,28709; 0; 433,5342; 3,052582
77,26583; 0; 551,1228; 4,138574
73,04059; 0; 451,6764; 3,918521
87,36664; 0; 406,584; 2,276299
693,1859; 0; 1197,406; 9,355479
77,99889; 0; 512,5993; 3,292656
620,7043; 0; 1175,759; 8,54003
117,8116; 0; 355,8867; 2,253418
134,2361; 0; 707,002; 3,143393
116,4524; 0; 372,142; 2,77755
370,5548; 0; 1055,677; 9,013656
268,4069; 0; 969,0002; 7,580826
103,7688; 0; 381,7827; 3,008281
403,8387; 0; 1037,697; 8,249291
132,8392; 0; 341,5372; 4,074274
248,5582; 0; 924,072; 6,922862
115,9721; 0; 337,0941; 2,453974
78,17184; 0; 546,364; 4,30578
87,89191; 0; 494,0896; 4,740223
125,363; 0; 334,2711; 2,696395
238,0143; 0; 875,9205; 8,175144
86,12711; 0; 549,0046; 2,820759
228,6054; 0; 881,576; 8,20714
144,1497; 0; 261,8672; 2,719379
180,3071; 0; 785,7936; 7,327264
117,8464; 0; 399,5069; 3,728506
155,5764; 0; 332,6505; 2,588847
160,2009; 0; 326,0005; 2,393432
79,73694; 0; 628,7701; 5,700555
114,3017; 0; 410,1372; 5,996402
76,24551; 0; 603,8789; 6,918829
184,6036; 0; 214,901; 3,481705
180,3121; 0; 226,3857; 2,714659
85,04836; 0; 596,7445; 6,807058
154,7855; 0; 262,5632; 2,867671
147,2561; 0; 304,7188; 8,930879
90,19347; 0; 439,6775; 7,886977
180,8087; 0; 161,6862; 2,910333
93,16141; 0; 369,5198; 8,651114
110,2344; 0; 385,2074; 10,76225
175,9835; 0; 156,3467; 1,841884
134,599; 0; 304,7639; 10,37654
180,1758; 0; 213,1275; 3,725373
180,7847; 0; 111,3434; 2,465785
188,7439; 0; 165,2387; 5,893929
180,7109; 0; 202,7646; 12,19262
185,951; 0; 111,6282; 4,045099
179,2407; 0; 90,85523; 3,84446
190,0659; 0; 120,1135; 9,651093
178,302; 0; 70,79416; 4,394292
705,2869; 0; 1208,615; 4,564829
491,597; 0; 1096,875; 4,541167
154,4821; 0; 735,5946; 3,511638
384,5209; 0; 1035,88; 4,240199
159,0724; 0; 745,7302; 3,284791
538,3915; 0; 1123,445; 4,6152
520,239; 0; 1109,686; 5,215107
86,56582; 0; 563,7031; 2,521653
88,98582; 0; 614,3261; 2,632771
85,52254; 0; 639,4685; 3,253491
181,7905; 0; 785,2444; 3,513131
177,2745; 0; 773,3419; 3,329118
76,9717; 0; 628,57; 2,445939
352,6388; 0; 1040,949; 5,482016
334,1272; 0; 1023,406; 4,393636
170,0185; 0; 239,1964; 3,058694
315,3703; 0; 1018,895; 3,509766
258,6059; 0; 952,4871; 4,719986
69,76844; 0; 622,6745; 0,2475884
235,7903; 0; 903,6622; 5,060989
330,8906; 0; 1019,733; 3,573926
150,5248; 0; 733,0797; 3,322138
81,37587; 0; 417,887; 2,456134
71,01665; 0; 461,1844; 2,85715
873,6111; 0; 1380,855; 11,22486
784,2798; 0; 1257,234; 9,20401
84,408; 0; 474,1178; 2,510389
85,90802; 0; 427,9174; 3,060415
353,4358; 0; 1034,532; 5,890837
97,30229; 0; 446,6382; 3,361958
75,29758; 0; 575,0977; 3,952838
71,44064; 0; 472,6442; 3,638885
83,82608; 0; 424,026; 1,434833
767,0125; 0; 1234,046; 8,822382
90,05997; 0; 536,321; 3,468044
702,9279; 0; 1179,349; 8,446146
112,1939; 0; 367,9432; 2,168661
149,6242; 0; 733,7177; 3,387926
109,2702; 0; 384,5378; 2,684119
470,5246; 0; 1066,559; 9,654889
289,1148; 0; 1015,64; 6,240563
98,09314; 0; 396,449; 2,58067
465,4935; 0; 1095,195; 8,934369
129,0401; 0; 353,6665; 3,879476
258,1582; 0; 987,0144; 6,494394
113,7518; 0; 352,8523; 2,474433
71,1143; 0; 582,8215; 4,822265
66,97746; 0; 532,5406; 5,568957
115,5479; 0; 353,4628; 3,35536
257,5094; 0; 951,296; 5,786707
71,75067; 0; 592,0882; 4,95552
256,6547; 0; 959,7697; 8,570139
142,1767; 0; 286,8948; 4,283155
220,3736; 0; 849,4042; 8,140889
86,46375; 0; 415,4109; 4,300781
136,8246; 0; 347,7773; 3,299275
144,8673; 0; 346,3018; 2,941395
117,0952; 0; 690,971; 8,243071
83,36578; 0; 432,3306; 5,934093
95,0469; 0; 659,6763; 7,020684
183,82; 0; 240,8072; 3,16703
180,0143; 0; 249,6741; 2,853266
83,82016; 0; 647,3988; 6,006991
146,1189; 0; 306,6489; 8,178169
128,7917; 0; 332,4833; 4,698435
76,00945; 0; 518,0376; 8,927511
180,8855; 0; 190,3983; 3,028492
54,16452; 0; 458,0492; 9,529565
92,19936; 0; 460,4214; 10,18275
177,0597; 0; 180,9955; 2,590983
82,13324; 0; 415,2657; 8,351333
177,399; 0; 246,2266; 2,903449
185,6144; 0; 132,1894; 2,70078
180,4236; 0; 219,4768; 6,158442
161,2111; 0; 256,6121; 7,217106
184,235; 0; 163,1712; 6,510149
185,5478; 0; 113,5821; 4,059765
182,2377; 0; 199,4421; 8,184237
178,0322; 0; 107,1282; 4,466207
185,9263; 0; 74,9259; 3,092127
184,026; 0; 75,23148; 5,799243
178,8113; 0; 76,53767; 7,139811
748,2051; 0; 1208,1; 5,3103
519,8724; 0; 1115,458; 4,401611
169,9216; 0; 763,3937; 3,388637
411,1646; 0; 1052,21; 3,677649
177,1172; 0; 773,9969; 3,447392
575,9672; 0; 1133,195; 4,664204
551,4114; 0; 1129,615; 4,565993
85,91339; 0; 576,0657; 2,485095
79,4537; 0; 634,1199; 2,629096
101,0299; 0; 660,5481; 3,414353
200,5895; 0; 813,8753; 3,521147
192,1962; 0; 801,9423; 3,321416
94,02106; 0; 646,9642; 3,106474
384,1709; 0; 1051,187; 4,028661
367,8991; 0; 1040,506; 4,144724
172,6064; 0; 241,1198; 2,681942
347,8028; 0; 1040,555; 5,25746
277,6842; 0; 986,463; 4,678489
68,86948; 0; 622,8094; 0,001101058
247,3795; 0; 943,2498; 5,15547
368,7805; 0; 1047,472; 6,041103
166,0166; 0; 760,2344; 3,340744
81,53674; 0; 439,3452; 3,195362
71,72771; 0; 475,1976; 2,567189
811,8958; 0; 1336,446; 9,971491
85,19904; 0; 490,4511; 3,572313
73,88908; 0; 435,1316; 2,500343
398,744; 0; 1059,104; 5,342363
96,0919; 0; 460,3733; 3,153496
87,18095; 0; 599,0013; 4,022336
71,21066; 0; 490,5477; 2,624192
73,40012; 0; 442,4283; 4,753505
830,0022; 0; 1289,364; 11,01366
81,03711; 0; 564,4225; 4,918155
755,5331; 0; 1244,122; 8,332281
106,8203; 0; 379,9246; 2,126002
164,322; 0; 761,5035; 3,29527
101,1403; 0; 397,3557; 2,671785
543,1517; 0; 1118,387; 8,584493
345,3704; 0; 1041,183; 4,572481
92,85896; 0; 412,0759; 2,555153
541,8359; 0; 1104,285; 8,376192
123,9858; 0; 364,2624; 3,1155
299,6187; 0; 1020,734; 5,742577
109,9329; 0; 367,4047; 2,462814
95,16044; 0; 620,5189; 5,987804
87,15801; 0; 567,2706; 6,003576
118,8957; 0; 381,1415; 3,469367
287,421; 0; 1005,921; 5,980197
96,05666; 0; 631,2536; 3,888269
302,5965; 0; 1017,214; 6,152085
136,3285; 0; 298,251; 4,329207
243,176; 0; 927,5205; 8,668863
74,42442; 0; 443,1831; 4,815029
131,0142; 0; 379,5141; 4,17841
129,3921; 0; 368,3575; 3,31053
162,6928; 0; 757,3326; 5,236765
93,98785; 0; 471,7806; 6,232304
143,3232; 0; 724,1653; 8,480302
160,7604; 0; 243,0878; 2,997099
166,6465; 0; 270,711; 2,936341
131,7957; 0; 703,0256; 7,995198
133,2643; 0; 335,0096; 3,386286
118,6532; 0; 375,5068; 3,61404
68,70042; 0; 586,8228; 9,415763
181,7711; 0; 218,0177; 3,99512
100,389; 0; 537,291; 7,619802
99,3749; 0; 533,6015; 6,586103
178,236; 0; 207,9363; 2,69094
54,81323; 0; 478,1962; 7,318588
154,0427; 0; 281,939; 5,219026
180,5478; 0; 154,4957; 3,519468
182,0027; 0; 264,5915; 5,247744
106,1535; 0; 332,5593; 12,51654
184,5417; 0; 214,2974; 3,912879
180,1855; 0; 138,0983; 4,016281
177,1333; 0; 265,779; 6,050436
184,4485; 0; 136,5206; 3,960662
181,3524; 0; 98,01189; 2,782696
178,4142; 0; 158,7702; 9,286129
188,5022; 0; 154,4021; 9,266279
186,7793; 0; 115,986; 9,720773
175,8052; 0; 69,88816; 3,915568
186,4305; 0; 78,76532; 8,772675
775,2679; 0; 1236,542; 4,937618
553,0636; 0; 1125,178; 4,028842
186,5005; 0; 791,8723; 3,34805
438,8902; 0; 1072,911; 4,949904
193,0828; 0; 803,5903; 3,461569
609,3973; 0; 1143,562; 4,307451
593,2411; 0; 1137,337; 5,389454
85,81492; 0; 589,5708; 2,470696
95,2105; 0; 653,3119; 2,842636
118,4264; 0; 681,4822; 3,219436
217,5785; 0; 843,6933; 3,970163
209,2541; 0; 829,1169; 3,273218
111,9932; 0; 667,7045; 3,381177
423,7071; 0; 1057,536; 5,445886
407,8244; 0; 1049,299; 5,532473
174,293; 0; 244,0045; 2,883987
380,298; 0; 1048,027; 3,971083
315,1828; 0; 1002,475; 4,150568
68,86947; 0; 622,8094; 0,0003617338
256,1279; 0; 981,1401; 4,859788
405,8211; 0; 1059,226; 4,580901
182,2053; 0; 789,2794; 3,310727
77,08363; 0; 450,1859; 3,497053
78,9661; 0; 492,6062; 3,424896
914,9058; 0; 1372,643; 9,079159
81,52847; 0; 500,0614; 2,518464
83,42385; 0; 450,888; 3,767118
447,9768; 0; 1084,354; 5,655748
89,50311; 0; 471,3367; 2,158802
94,85385; 0; 623,7264; 3,637803
71,70279; 0; 509,5569; 2,925619
93,37321; 0; 465,2895; 2,279177
852,6439; 0; 1398,31; 10,91929
82,51038; 0; 582,061; 2,986423
831,6847; 0; 1272,257; 8,89971
101,3678; 0; 391,9682; 2,116599
180,4938; 0; 791,4649; 3,395673
92,26624; 0; 410,8725; 3,71084
604,0212; 0; 1153,798; 8,055979
416,7527; 0; 1055,677; 8,11939
91,55661; 0; 428,7393; 3,706641
594,7415; 0; 1161,924; 8,198609
117,4533; 0; 375,2236; 2,707773
358,9572; 0; 1049,01; 8,485282
108,2023; 0; 384,3417; 2,483225
92,81725; 0; 653,2881; 2,92529
94,28613; 0; 599,1784; 3,922953
114,4602; 0; 408,216; 4,226728
338,1188; 0; 1032,651; 7,263175
117,4626; 0; 677,0969; 3,290982
366,4621; 0; 1043,516; 9,413987
130,9955; 0; 308,6801; 3,915555
282,6827; 0; 990,3892; 7,590271
91,05911; 0; 476,0175; 5,431079
124,2132; 0; 407,1211; 3,325933
114,4961; 0; 395,0027; 3,597896
179,0586; 0; 788,9521; 3,436826
64,88424; 0; 494,3468; 4,04773
190,6828; 0; 787,3531; 6,344239
154,3375; 0; 264,1909; 2,913021
155,2261; 0; 293,0354; 4,295342
174,8274; 0; 767,9729; 7,795075
132,5505; 0; 369,5064; 5,028089
110,7047; 0; 424,4872; 6,819801
95,33633; 0; 649,405; 4,528085
187,8667; 0; 245,8342; 2,936316
87,75453; 0; 620,0251; 9,301951
92,52023; 0; 597,4439; 4,994529
178,5023; 0; 234,9627; 2,506878
95,80975; 0; 533,5633; 6,887627
126,3687; 0; 318,8029; 5,739007
182,0606; 0; 176,954; 2,587446
150,7769; 0; 287,3072; 4,177044
79,5137; 0; 450,0578; 5,59024
184,0324; 0; 243,8998; 3,475703
185,5163; 0; 165,1149; 3,140352
134,4649; 0; 336,0606; 12,58406
187,0827; 0; 175,4527; 4,16111
182,9165; 0; 122,5396; 3,56802
188,0718; 0; 243,2495; 3,421223
184,3658; 0; 237,1029; 5,931641
180,1463; 0; 190,215; 9,760642
178,3139; 0; 103,0925; 4,96838
189,265; 0; 173,5616; 6,529473
175,9732; 0; 119,8745; 8,29536
186,5586; 0; 118,4667; 9,363904
178,2089; 0; 63,78321; 2,910321
796,0952; 0; 1259,072; 4,322908
587,097; 0; 1132,077; 4,461354
202,6902; 0; 820,6425; 3,421357
464,5372; 0; 1087,876; 4,367763
211,8539; 0; 831,4689; 3,502916
637,6075; 0; 1173,536; 5,340322
624,2016; 0; 1153,05; 4,282242
88,3974; 0; 603,2618; 2,485262
109,9068; 0; 674,5175; 3,26859
135,7853; 0; 703,5304; 3,23073
224,5877; 0; 870,723; 3,167446
221,9843; 0; 854,1107; 2,970522
124,9602; 0; 692,2011; 3,050615
455,4247; 0; 1068,676; 4,272635
440,5696; 0; 1061,01; 4,670793
176,3501; 0; 246,7976; 3,158067
418,8321; 0; 1055,001; 5,441102
344,0459; 0; 1021,957; 3,958354
68,86947; 0; 622,8094; 0,001691631
290,2135; 0; 1008,011; 3,981897
450,5891; 0; 1065,781; 4,657914
198,2516; 0; 819,0666; 3,319856
75,16314; 0; 459,0281; 2,589093
83,09285; 0; 507,9214; 2,888611
81,95744; 0; 517,4146; 2,514549
68,81744; 0; 455,6402; 2,435592
501,4825; 0; 1087,212; 6,101119
80,22214; 0; 486,3081; 3,467212
108,6304; 0; 656,1671; 3,710942
70,56759; 0; 526,91; 3,148502
99,62225; 0; 486,2685; 2,960525
75,25517; 0; 613,2186; 3,703199
853,5203; 0; 1371,211; 10,97392
96,26897; 0; 404,1443; 2,113406
197,4411; 0; 823,1347; 3,806151
81,35694; 0; 418,789; 3,256296
664,3911; 0; 1191,385; 7,721838
473,8295; 0; 1083,747; 7,276936
92,96088; 0; 442,8159; 3,452364
670,0732; 0; 1184,314; 8,123476
110,0336; 0; 386,5692; 2,604849
434,0486; 0; 1053,703; 7,793233
92,84109; 0; 408,1775; 4,264294
114,7386; 0; 684,8895; 5,344141
80,31539; 0; 631,0856; 2,411917
101,5956; 0; 420,8656; 3,030771
421,407; 0; 1068,419; 10,95361
136,2351; 0; 699,1249; 2,636418
445,5318; 0; 1067,793; 7,383398
127,5217; 0; 318,6974; 2,746989
331,865; 0; 1029,616; 7,030441
71,84673; 0; 501,9192; 5,088125
112,9076; 0; 429,1386; 4,633684
110,5325; 0; 418,9387; 2,73845
195,2697; 0; 820,6896; 3,789908
81,41125; 0; 536,03; 5,057374
225,452; 0; 841,1252; 6,933985
146,8151; 0; 285,1769; 3,647747
143,7585; 0; 304,0373; 4,655611
216,4707; 0; 828,4094; 6,892869
103,4477; 0; 387,8913; 5,129529
74,88071; 0; 441,9138; 6,448579
136,0007; 0; 695,6909; 5,311527
170,182; 0; 261,0659; 3,09423
102,7014; 0; 675,4066; 7,514553
101,801; 0; 664,6095; 7,403216
182,0848; 0; 256,3507; 3,101079
69,82886; 0; 600,2426; 6,757275
128,7727; 0; 351,9717; 4,281315
182,2479; 0; 201,3295; 2,721512
140,6967; 0; 335,0342; 6,862165
62,31831; 0; 519,4941; 8,443221
158,6419; 0; 282,4746; 5,348705
186,9531; 0; 192,1298; 2,642818
60,3974; 0; 446,9019; 14,52438
180,4695; 0; 219,0519; 4,930385
182,977; 0; 147,187; 3,426092
171,3592; 0; 295,8253; 6,776523
170,0083; 0; 287,7334; 6,648
172,6709; 0; 260,2683; 3,92872
185,3791; 0; 136,4611; 3,743356
176,8578; 0; 245,7508; 5,493906
187,914; 0; 204,0139; 6,974578
188,4135; 0; 194,7081; 6,137366
181,356; 0; 87,1139; 3,940023
185,4363; 0; 91,04604; 4,164906
185,9644; 0; 61,7046; 3,098023
831,2075; 0; 1273,19; 4,95196
613,572; 0; 1153,581; 4,115519
214,3154; 0; 848,5496; 2,692898
496,5466; 0; 1096,012; 3,972376
221,5364; 0; 859,7769; 3,633265
668,7572; 0; 1183,709; 4,184171
651,9887; 0; 1183,74; 5,115769
89,92893; 0; 618,2607; 2,495006
128,2011; 0; 693,3508; 2,846681
148,0641; 0; 730,7319; 3,370849
233,8086; 0; 898,3038; 3,694619
232,0415; 0; 879,178; 3,320489
139,721; 0; 717,3406; 3,536649
485,901; 0; 1094,328; 4,837781
480,8029; 0; 1073,84; 4,989641
164,3202; 0; 240,5616; 2,948098
450,1003; 0; 1066,296; 4,550824
378,1545; 0; 1032,375; 5,190521
68,86948; 0; 622,8094; 0,001101058
323,4778; 0; 1021,61; 2,977578
495,6643; 0; 1081,098; 5,643127
215,8972; 0; 850,0311; 4,050406
74,28553; 0; 470,4775; 2,170661
82,48797; 0; 524,4886; 2,563238
80,56192; 0; 535,8679; 3,281153
69,24572; 0; 471,2582; 2,68416
544,0545; 0; 1120,223; 6,162385
74,91909; 0; 496,351; 2,258535
126,7293; 0; 686,8422; 3,887059
76,08836; 0; 543,1514; 2,663589
97,21477; 0; 506,2018; 3,676331
97,08231; 0; 633,6463; 3,435561
91,46095; 0; 416,6003; 2,372349
214,3544; 0; 861,8458; 4,845623
81,76608; 0; 431,9139; 2,701222
731,1; 0; 1210,708; 7,605548
532,4435; 0; 1118,299; 7,022141
86,41418; 0; 454,4518; 2,574668
732,7051; 0; 1222,155; 8,047782
102,5337; 0; 398,6691; 2,603178
482,5775; 0; 1092,32; 6,131105
94,04714; 0; 424,1284; 3,129673
141,1626; 0; 713,7314; 3,548567
97,53452; 0; 661,2062; 5,363172
105,729; 0; 444,9449; 3,791066
481,3812; 0; 1099,001; 6,293921
159,9017; 0; 737,1687; 6,000613
521,7976; 0; 1092,637; 8,416301
123,1694; 0; 330,7915; 2,639775
413,8591; 0; 1067,706; 11,02896
84,41919; 0; 529,8423; 4,43028
107,6355; 0; 454,4434; 3,350506
100,2376; 0; 438,3056; 3,057022
211,0249; 0; 860,5248; 4,906551
81,23217; 0; 580,6723; 5,663878
253,6778; 0; 916,0884; 8,832066
141,2628; 0; 295,5797; 3,997663
135,8064; 0; 313,8424; 3,251476
228,5401; 0; 898,6985; 5,657401
83,37406; 0; 410,7404; 4,572706
67,34949; 0; 478,0691; 3,426498
165,3388; 0; 754,2222; 7,38739
155,4906; 0; 281,9002; 3,351927
151,4853; 0; 739,3506; 7,844912
146,3667; 0; 727,6713; 5,912748
167,7726; 0; 282,1953; 3,089409
99,39872; 0; 657,9952; 6,306192
93,49599; 0; 378,2639; 6,319751
179,8582; 0; 226,7801; 2,397709
124,2514; 0; 362,9073; 5,169723
88,23441; 0; 594,366; 9,748236
149,6097; 0; 328,1887; 6,838693
187,295; 0; 218,3201; 2,815016
89,92018; 0; 581,303; 12,69348
183,9996; 0; 253,0743; 3,966211
184,9787; 0; 172,4488; 2,835218
107,8869; 0; 370,6277; 11,01088
121,8415; 0; 377,7032; 14,35514
158,2642; 0; 323,946; 8,672676
185,8013; 0; 170,2934; 2,68945
145,3206; 0; 294,2924; 7,053206
176,9783; 0; 253,5206; 6,284218
186,1111; 0; 250,1386; 4,168478
186,6888; 0; 108,5301; 3,25456
187,8666; 0; 129,7327; 4,555742
180,183; 0; 79,16238; 2,637349
188,6469; 0; 86,85062; 3,799787
184,2781; 0; 72,70178; 5,354513
849,942; 0; 1305,799; 4,54847
638,5279; 0; 1174,437; 4,082675
224,22; 0; 874,1287; 3,453941
531,2657; 0; 1104,345; 4,826293
234,4632; 0; 883,3764; 3,018621
704,7759; 0; 1189,26; 4,449548
691,1716; 0; 1189,103; 4,989648
97,02349; 0; 643,3075; 3,16801
140,9706; 0; 717,7104; 2,952133
167,1033; 0; 755,3973; 3,299507
247,7244; 0; 922,7921; 3,121672
237,5544; 0; 904,019; 2,995411
155,858; 0; 742,5248; 3,171972
516,1492; 0; 1113,828; 4,505616
512,1511; 0; 1097,573; 4,441543
162,954; 0; 235,156; 2,045952
480,7617; 0; 1085,615; 4,10415
405,3235; 0; 1044,879; 4,10956
68,86947; 0; 622,8094; 0,0003617338
359,0209; 0; 1036,143; 4,612229
528,9401; 0; 1107,632; 3,830326
231,2852; 0; 879,3257; 3,608661
73,71291; 0; 483,2545; 2,137578
78,89003; 0; 543,8817; 3,207848
78,21704; 0; 553,0576; 3,30183
72,63099; 0; 484,5104; 2,739315
583,3586; 0; 1143,436; 4,07328
83,28499; 0; 515,0391; 3,176825
144,215; 0; 721,3416; 4,102057
75,57249; 0; 560,2059; 2,558089
93,50578; 0; 516,1127; 2,549673
113,7991; 0; 662,7965; 3,793809
91,93927; 0; 431,5114; 3,658339
235,8986; 0; 901,6483; 2,250156
83,14652; 0; 447,4114; 2,716321
791,9919; 0; 1244,667; 9,883213
596,2675; 0; 1146,641; 8,184557
75,70274; 0; 470,7996; 3,285744
800,4961; 0; 1253,401; 7,674928
94,75539; 0; 411,3907; 3,121522
535,2881; 0; 1103,301; 7,217749
84,29522; 0; 442,4573; 1,664477
162,1998; 0; 743,3439; 5,22085
127,4911; 0; 696,4362; 4,964245
99,85065; 0; 456,6118; 2,800271
545,024; 0; 1142,744; 8,543752
181,736; 0; 789,083; 5,726439
581,1889; 0; 1152,452; 8,958084
118,9472; 0; 342,7094; 2,487289
510,3734; 0; 1089,597; 10,35611
83,81086; 0; 558,892; 3,206856
103,3367; 0; 473,826; 3,185296
105,8393; 0; 460,9391; 3,895103
227,194; 0; 919,8687; 8,22424
82,07811; 0; 615,4344; 4,64895
266,2501; 0; 996,6062; 8,477791
136,5617; 0; 304,7672; 3,747126
134,2255; 0; 327,7632; 2,711149
257,7021; 0; 962,6352; 7,91381
87,01409; 0; 445,2362; 3,598587
69,69609; 0; 515,4801; 5,626163
200,1199; 0; 820,2649; 7,563857
149,323; 0; 310,3057; 5,631899
196,6781; 0; 809,7443; 8,514469
178,1253; 0; 779,7548; 6,83932
156,8979; 0; 320,3707; 5,969145
137,1727; 0; 713,2011; 6,953388
94,28525; 0; 416,8625; 5,407915
161,4698; 0; 238,7013; 2,480568
95,13095; 0; 385,4836; 4,134864
95,43144; 0; 666,3049; 8,096164
116,489; 0; 351,9743; 6,650944
185,4335; 0; 243,0005; 3,04835
107,1953; 0; 657,5188; 7,029569
158,1612; 0; 283,6042; 4,473135
183,379; 0; 200,4508; 3,34288
76,28439; 0; 436,224; 9,339159
64,86784; 0; 449,0128; 9,892757
88,66206; 0; 382,9338; 6,490909
185,799; 0; 207,5502; 4,386279
123,4021; 0; 368,1355; 9,331675
150,8951; 0; 322,747; 9,888077
163,3684; 0; 311,6549; 10,17986
180,5177; 0; 132,1416; 2,685539
181,1898; 0; 171,4778; 4,461429
184,8467; 0; 97,37402; 2,58816
187,5881; 0; 124,2516; 5,228146
180,6156; 0; 122,7518; 5,867924
185,6245; 0; 76,6357; 3,887533
186,6537; 0; 64,73441; 2,884738
864,9519; 0; 1338,929; 5,556744
675,8693; 0; 1178,03; 4,949766
237,103; 0; 897,34; 3,037143
559,9072; 0; 1118,849; 3,969227
245,2788; 0; 909,5925; 3,653192
730,034; 0; 1221,655; 5,339786
722,2288; 0; 1202,057; 4,189649
110,213; 0; 660,9722; 2,616651
157,1937; 0; 741,4604; 3,227592
184,3382; 0; 783,9575; 3,462782
256,2038; 0; 948,5176; 3,328181
246,173; 0; 928,9988; 3,350639
173,4839; 0; 769,8668; 3,409835
555,0574; 0; 1118,884; 3,221204
542,831; 0; 1126,48; 5,404656
171,1829; 0; 237,2377; 2,709688
511,2219; 0; 1111,05; 5,1182
433,2926; 0; 1062,938; 3,866091
68,86947; 0; 622,8094; 0,001691631
388,5909; 0; 1055,502; 4,912954
554,9916; 0; 1125,58; 4,190779
243,2101; 0; 906,082; 2,623734
79,86436; 0; 496,9359; 2,791791
78,09325; 0; 557,9139; 2,893827
79,79647; 0; 569,389; 3,466004
79,72681; 0; 499,5879; 3,117002
634,0596; 0; 1153,606; 5,781071
87,05145; 0; 530,308; 2,800366
166,5442; 0; 753,8717; 4,181376
77,31837; 0; 574,6686; 2,478534
91,09833; 0; 534,493; 2,707994
130,7867; 0; 693,3691; 4,208466
91,11104; 0; 442,5527; 2,980328
240,2801; 0; 942,9943; 5,686714
95,69126; 0; 460,0556; 3,81115
820,1786; 0; 1347,407; 11,16113
654,4457; 0; 1178,986; 7,44808
89,87296; 0; 494,8676; 3,20365
845,5566; 0; 1316,714; 9,701291
82,48654; 0; 420,8605; 3,659117
592,4606; 0; 1139,79; 7,118159
81,53103; 0; 455,2594; 2,475204
186,7637; 0; 780,577; 3,494853
154,3548; 0; 736,6282; 4,773457
92,98389; 0; 471,4664; 2,67797
626,8317; 0; 1144,272; 8,233607
210,637; 0; 840,6616; 6,028204
663,8798; 0; 1164,494; 9,195524
114,7881; 0; 354,6973; 2,414303
586,4525; 0; 1118,857; 8,680068
71,56061; 0; 593,6613; 5,466682
99,75085; 0; 495,0632; 3,694218
96,65058; 0; 485,334; 2,991516
269,9874; 0; 989,2901; 7,889379
86,29552; 0; 645,5711; 3,821479
332,2824; 0; 1031,696; 7,627895
132,324; 0; 313,9798; 3,433124
128,853; 0; 342,1487; 2,688787
298,9036; 0; 1015,33; 5,554054
74,65716; 0; 475,7054; 3,547406
70,97454; 0; 554,9938; 4,812467
236,477; 0; 886,2515; 7,983348
136,649; 0; 324,1544; 2,584834
231,5677; 0; 884,4441; 7,493396
214,5049; 0; 834,6667; 6,182877
135,8981; 0; 339,998; 2,105738
172,8633; 0; 766,4009; 5,680491
75,53381; 0; 453,1767; 5,147614
164,2397; 0; 260,7334; 2,928365
99,54235; 0; 431,9046; 6,82713
144,1541; 0; 729,4545; 8,348647
101,8981; 0; 378,1383; 4,290606
170,3583; 0; 257,4023; 1,781872
138,0107; 0; 707,0519; 7,010629
129,3516; 0; 306,3426; 6,186368
179,88; 0; 226,8195; 1,901274
62,47402; 0; 492,3452; 6,662413
102,6448; 0; 527,0612; 7,908671
74,42899; 0; 453,2918; 6,157001
186,0445; 0; 241,5007; 3,161422
115,4338; 0; 492,078; 15,31417
96,57684; 0; 417,3213; 13,55186
89,00756; 0; 381,8137; 8,339907
185,7604; 0; 158,1302; 2,562374
185,517; 0; 215,3727; 4,511417
181,5178; 0; 116,222; 2,607882
180,13; 0; 157,6763; 4,472658
187,3764; 0; 174,1125; 6,020344
180,4179; 0; 100,3348; 2,752829
192,7022; 0; 93,13473; 3,411058
180,7612; 0; 119,1028; 8,716608
186,6375; 0; 78,90885; 8,944798
181,1829; 0; 63,84068; 3,70218
895,3474; 0; 1364,836; 5,861024
700,4399; 0; 1193,177; 3,748004
248,5625; 0; 921,5101; 3,290028
586,3287; 0; 1141,978; 4,426043
248,6033; 0; 935,2246; 2,96315
763,0236; 0; 1227,578; 4,443298
750,4462; 0; 1231,399; 5,099426
123,7837; 0; 680,637; 3,033271
172,9226; 0; 766,9869; 3,193674
200,2567; 0; 812,8267; 3,359376
264,6739; 0; 973,8512; 3,464777
254,901; 0; 951,1453; 2,835357
190,9146; 0; 798,181; 3,347633
594,7467; 0; 1128,301; 4,816133
577,3444; 0; 1138,535; 4,363958
156,8698; 0; 235,7033; 3,094266
544,9633; 0; 1122,595; 4,179214
461,596; 0; 1084,838; 5,2298
68,86948; 0; 622,8094; 0,001101058
422,3987; 0; 1065,236; 4,045763
593,3416; 0; 1150,76; 5,405396
250,4008; 0; 938,4305; 3,859676
80,68262; 0; 511,0599; 2,218156
81,71651; 0; 570,4094; 2,574571
82,44627; 0; 582,587; 2,895695
83,84425; 0; 511,3403; 2,780975
669,8011; 0; 1195,83; 6,413986
84,63659; 0; 547,5152; 2,453808
186,2936; 0; 790,1995; 4,203713
79,92112; 0; 589,3531; 2,455265
86,98875; 0; 553,5386; 3,581994
145,2092; 0; 726,2535; 4,063344
87,07625; 0; 453,4583; 2,22829
255,4599; 0; 988,5848; 5,998353
88,70292; 0; 469,0898; 2,694417
894,2029; 0; 1414,958; 2,33871
710,5986; 0; 1207,764; 7,192752
78,81445; 0; 501,8333; 2,297664
860,286; 0; 1404,284; 9,681639
81,11186; 0; 432,3002; 2,905544
645,6432; 0; 1165,829; 6,818913
88,64756; 0; 474,8914; 3,772538
207,5314; 0; 812,7437; 4,165065
169,5014; 0; 766,1075; 2,963792
80,1514; 0; 485,6447; 3,780468
680,8712; 0; 1186,578; 7,879149
231,2499; 0; 891,7363; 6,199677
730,8286; 0; 1207,126; 9,065934
110,595; 0; 366,8128; 2,418915
634,1002; 0; 1181,086; 7,413591
81,7984; 0; 621,2847; 3,217564
100,6967; 0; 515,6245; 2,328077
97,53979; 0; 509,597; 2,023564
314,1509; 0; 1025,965; 5,96925
119,1818; 0; 679,5198; 3,46237
418,9799; 0; 1065,354; 6,771388
132,4401; 0; 329,2434; 3,835197
123,7792; 0; 357,575; 3,615753
358,1329; 0; 1039,545; 8,774962
78,0691; 0; 499,3652; 2,598244
87,26325; 0; 589,5135; 3,775735
253,1458; 0; 949,9766; 4,111106
130,9577; 0; 336,8633; 2,357329
243,2139; 0; 952,2599; 8,656546
246,2579; 0; 893,4012; 8,161192
122,4279; 0; 361,003; 3,324155
203,668; 0; 812,6434; 4,803032
91,44537; 0; 482,7982; 3,385631
155,6944; 0; 282,1384; 2,844572
67,53916; 0; 458,9932; 6,488163
178,7011; 0; 766,0575; 5,910509
105,9715; 0; 417,8754; 5,258213
166,5497; 0; 285,6735; 3,537082
168,3071; 0; 763,8336; 3,708244
125,3857; 0; 328,8046; 4,377371
175,1526; 0; 250,7866; 3,043342
88,45887; 0; 545,8929; 5,558421
78,74339; 0; 587,0494; 4,419372
55,9622; 0; 514,228; 7,547085
163,5065; 0; 267,1691; 3,93668
100,2679; 0; 652,713; 13,95972
54,58965; 0; 489,9671; 8,775904
97,84852; 0; 464,7206; 8,538683
180,7517; 0; 184,2533; 3,479387
159,6672; 0; 244,8929; 4,311944
185,9091; 0; 136,1706; 2,754719
180,9011; 0; 200,6001; 5,202457
176,4488; 0; 227,3112; 5,664796
179,8384; 0; 127,4988; 3,051096
191,8944; 0; 121,221; 3,263343
185,0084; 0; 224,4633; 10,0127
188,8053; 0; 161,601; 11,09612
184,7961; 0; 80,79504; 3,646095
177,7501; 0; 71,06252; 4,588721
891,1357; 0; 1391,991; 3,232026E-05
723,6683; 0; 1218,057; 4,240445
255,9057; 0; 946,1233; 3,571766
611,3472; 0; 1158,584; 3,90077
254,1079; 0; 960,0216; 2,912361
797,6572; 0; 1240,137; 5,922669
794,0445; 0; 1242,323; 3,755928
132,2227; 0; 703,7049; 2,83176
188,5974; 0; 794,1915; 3,179997
217,1602; 0; 841,3551; 3,642771
271,3355; 0; 1000,955; 2,635644
262,421; 0; 973,6471; 2,797582
208,7105; 0; 826,1253; 3,371346
623,2459; 0; 1152,215; 4,250986
616,1533; 0; 1144,729; 4,69748
165,5229; 0; 238,6651; 2,686989
583,8213; 0; 1129,156; 5,021005
490,6221; 0; 1097,349; 4,118762
68,86948; 0; 622,8094; 0,0001867719
461,044; 0; 1072,55; 5,512608
627,4189; 0; 1167,75; 4,632415
256,9497; 0; 969,1364; 3,57256
78,61137; 0; 528,6683; 2,710776
85,29124; 0; 585,2632; 2,58595
84,40056; 0; 596,8352; 2,601465
74,06903; 0; 532,6131; 4,015382
725,4658; 0; 1197,134; 6,858442
88,22892; 0; 560,608; 2,185895
203,8333; 0; 824,2762; 3,611535
83,64997; 0; 605,7377; 2,57703
88,52896; 0; 568,0241; 3,618289
167,9891; 0; 756,4293; 3,955045
80,68066; 0; 466,4608; 2,463131
275,212; 0; 1010,038; 2,83104
78,5556; 0; 483,7673; 3,383011
770,4335; 0; 1229,275; 6,615702
65,57306; 0; 521,7716; 3,404195
81,41092; 0; 444,9207; 2,617984
694,6199; 0; 1201,099; 6,507484
84,64781; 0; 485,6034; 2,644721
224,933; 0; 854,5752; 5,310035
184,4105; 0; 794,2933; 3,410839
79,39963; 0; 497,6266; 2,668996
748,8409; 0; 1203,623; 7,731875
245,7521; 0; 942,9542; 6,378138
796,1971; 0; 1238,284; 4,165586
106,1846; 0; 379,1384; 2,418407
714,0574; 0; 1188,03; 7,858022
84,26886; 0; 644,079; 3,431415
94,33598; 0; 539,3797; 3,165322
106,3465; 0; 534,5714; 3,764316
391,4179; 0; 1041,765; 9,235675
131,457; 0; 709,313; 5,01985
483,7377; 0; 1100,414; 7,425148
126,7151; 0; 339,0555; 3,834141
120,4387; 0; 371,6583; 4,147179
437,3005; 0; 1059,836; 9,517191
78,77618; 0; 524,5866; 3,487725
77,53021; 0; 628,901; 2,288383
266,9951; 0; 1002,98; 4,344345
125,136; 0; 349,3185; 2,33761
297,5585; 0; 1012,626; 7,014571
245,6706; 0; 963,0427; 7,240455
103,1413; 0; 383,1767; 3,682975
221,4986; 0; 875,185; 6,986725
81,14082; 0; 521,6496; 2,788389
153,9188; 0; 299,5402; 4,032244
86,97069; 0; 494,7005; 6,298399
215,925; 0; 823,7267; 7,068522
68,70881; 0; 443,0422; 5,802246
134,4095; 0; 296,2314; 2,129151
182,8568; 0; 791,7711; 3,332121
100,5421; 0; 356,3839; 3,511288
161,7513; 0; 273,3363; 3,004631
90,60506; 0; 608,3792; 7,917249
84,90912; 0; 639,6144; 5,643222
85,77029; 0; 568,1356; 5,071009
152,4179; 0; 306,4976; 6,838894
152,4735; 0; 731,8904; 8,588299
75,55022; 0; 565,8848; 8,557635
91,9799; 0; 545,5883; 6,964609
181,3581; 0; 211,7875; 2,889654
150,0112; 0; 283,69; 4,348143
182,1735; 0; 157,96; 3,426564
177,7526; 0; 240,3394; 3,967499
146,2945; 0; 250,9224; 4,944476
175,8252; 0; 152,7205; 2,364893
190,492; 0; 150,8285; 2,631321
176,2096; 0; 288,9584; 7,182652
190,2867; 0; 243,6456; 7,073988
182,4926; 0; 98,11077; 3,330576
188,6149; 0; 110,391; 3,914875
178,2655; 0; 74,07104; 3,116617
186,836; 0; 68,03857; 2,719808
182,6782; 0; 66,08992; 3,623702
