184,8774; 0; 56,68975
189,3515; 0; 134,6823
177,1119; 0; 66,94044
189,8871; 0; 73,27915
181,8; 0; 56,5
180,5217; 0; 279,587
183,8609; 0; 89,07607
187,7953; 0; 117,4898
185,3286; 0; 95,02229
182,4002; 0; 79,1385
189,8592; 0; 76,87189
178,8409; 0; 56,50184
85,09145; 0; 375,7022
185,318; 0; 113,334
185,4157; 0; 164,5548
187,9225; 0; 138,3034
180,4349; 0; 169,0772
177,4375; 0; 162,6033
181,6001; 0; 94,65814
185,3137; 0; 78,09821
186,7255; 0; 56,50223
177,8629; 0; 56,50365
93,69532; 0; 542,7269
180,8364; 0; 137,7821
180,8475; 0; 213,5725
180,5211; 0; 185,1702
181,6201; 0; 273,3091
165,3152; 0; 261,7232
187,2963; 0; 139,2391
184,9318; 0; 164,5109
179,8024; 0; 92,96947
177,6122; 0; 85,41818
183,9838; 0; 78,91415
179,1924; 0; 62,56167
183,7896; 0; 56,50011
99,27497; 0; 672,6899
183,7924; 0; 163,6273
181,8537; 0; 254,2876
183,1617; 0; 234,1225
113,6136; 0; 320,3017
117,144; 0; 345,5367
186,1326; 0; 186,9468
190,6271; 0; 251,082
178,2407; 0; 134,6824
179,275; 0; 118,5818
185,3879; 0; 182,0426
185,8911; 0; 77,85173
188,4921; 0; 34,72085
181,8838; 0; 62,76786
177,861; 0; 56,50355
177,8611; 0; 56,50354
146,3566; 0; 734,6007
185,2225; 0; 190,1543
154,7219; 0; 289,4719
163,6413; 0; 270,3418
103,9062; 0; 438,9587
85,28358; 0; 455,1204
175,2971; 0; 233,1265
154,9274; 0; 320,2143
184,0949; 0; 179,8433
186,3419; 0; 151,4646
185,5831; 0; 246,6053
179,9716; 0; 94,87308
185,797; 0; 33,97797
183,6897; 0; 82,67855
185,9451; 0; 75,84505
171,4113; 0; 40,97187
182,8353; 0; 70,98039
182,797; 0; 56,50002
194,2835; 0; 797,18
184,762; 0; 219,2841
118,6944; 0; 314,8225
127,3542; 0; 303,4548
106,1447; 0; 595,4301
57,76642; 0; 527,7061
169,6354; 0; 274,4897
70,76046; 0; 414,2773
183,0064; 0; 223,0381
180,4854; 0; 187,404
159,4665; 0; 324,1371
185,6205; 0; 112,6261
188,4702; 0; 32,97483
189,4726; 0; 105,5487
192,802; 0; 102,0593
170,7747; 0; 41,89126
179,4328; 0; 114,1961
186,04; 0; 94,18858
189,4769; 0; 63,33972
182,797; 0; 56,50002
234,1297; 0; 866,5051
172,733; 0; 243,4433
124,3506; 0; 355,2054
136,384; 0; 339,7303
122,7869; 0; 686,8595
88,09002; 0; 598,5197
159,1115; 0; 317,7763
110,6492; 0; 560,2904
182,4588; 0; 254,0263
185,4101; 0; 225,1928
66,01596; 0; 441,4777
180,4039; 0; 131,3432
184,358; 0; 34,53563
191,4775; 0; 130,0222
191,8035; 0; 123,14
171,2016; 0; 37,96974
179,5011; 0; 168,4243
176,9327; 0; 141,6946
183,1078; 0; 83,08395
188,118; 0; 88,46888
189,2458; 0; 48,01081
177,2664; 0; 63,84353
177,8609; 0; 56,50354
184,7735; 0; 56,50042
255,2193; 0; 941,4128
170,6504; 0; 264,7195
112,6892; 0; 381,4084
108,9709; 0; 367,2109
162,1471; 0; 747,8287
91,48878; 0; 662,1016
120,1861; 0; 333,1483
94,23103; 0; 659,247
155,053; 0; 286,3754
179,4604; 0; 255,0967
86,18784; 0; 575,8405
184,9476; 0; 151,4932
184,9095; 0; 37,02402
186,2802; 0; 153,9406
190,7009; 0; 146,4178
173,453; 0; 41,03165
185,7183; 0; 224,8868
183,5912; 0; 193,0885
182,0322; 0; 104,3137
187,9658; 0; 123,9393
196,7511; 0; 35,67064
181,726; 0; 87,48981
162,6911; 0; 36,05981
188,8714; 0; 75,47067
183,1326; 0; 76,64844
178,9024; 0; 70,86148
184,7818; 0; 56,50042
183,7816; 0; 56,50011
268,8027; 0; 1005,896
158,1228; 0; 288,3448
84,74702; 0; 402,1329
95,64651; 0; 389,2411
202,3848; 0; 809,7615
141,0501; 0; 725,14
119,9637; 0; 374,0464
141,1847; 0; 716,2986
118,4966; 0; 319,0244
161,7104; 0; 280,8368
137,1245; 0; 687,6253
184,7272; 0; 171,0776
184,5725; 0; 37,2755
185,7016; 0; 177,5056
189,5042; 0; 171,6812
173,0352; 0; 42,54781
171,3982; 0; 271,9657
187,3984; 0; 238,0426
185,304; 0; 125,4676
179,92; 0; 160,7616
195,9073; 0; 36,00061
186,6542; 0; 109,5499
197,9928; 0; 11,58257
182,5031; 0; 95,32688
176,8651; 0; 157,2882
186,8895; 0; 120,614
182,1456; 0; 77,4742
173,7064; 0; 73,13789
181,0041; 0; 44,15007
188,1731; 0; 46,42271
184,7656; 0; 56,50055
184,7655; 0; 56,50054
322,3642; 0; 1030,138
149,2642; 0; 302,3714
100,6179; 0; 438,8251
103,6606; 0; 426,6238
233,7466; 0; 877,0389
183,0007; 0; 793,9283
106,7477; 0; 398,5027
183,7081; 0; 785,9761
115,2815; 0; 348,1862
135,7428; 0; 301,2968
176,1779; 0; 782,9877
183,6627; 0; 192,5826
183,395; 0; 35,8391
185,0321; 0; 201,5564
188,3118; 0; 196,8555
173,7264; 0; 42,30489
132,9411; 0; 307,9878
169,3196; 0; 272,8396
182,0953; 0; 147,4781
183,8949; 0; 198,9044
196,4512; 0; 37,4954
181,347; 0; 134,4418
184,5944; 0; 116,1387
180,9173; 0; 231,7286
187,2193; 0; 172,4058
184,3448; 0; 100,6483
179,8045; 0; 94,3859
177,5475; 0; 35,56389
190,1546; 0; 30,14401
184,1059; 0; 95,80019
185,5529; 0; 89,53631
179,0224; 0; 49,76158
178,9769; 0; 79,64723
178,8409; 0; 56,50184
401,5961; 0; 1037,765
141,3287; 0; 316,3902
71,73542; 0; 465,0565
70,2054; 0; 449,5789
257,7306; 0; 944,2027
215,1237; 0; 868,3289
118,942; 0; 447,1123
225,3435; 0; 859,4217
118,6393; 0; 378,7709
121,2009; 0; 321,7466
221,8462; 0; 843,7786
184,1755; 0; 214,6163
184,1162; 0; 32,02139
184,5557; 0; 226,6894
187,1719; 0; 220,9208
174,7539; 0; 39,82657
132,4629; 0; 346,7359
122,8126; 0; 304,9622
181,4398; 0; 169,7638
185,9859; 0; 229,1072
196,5687; 0; 33,34706
187,8257; 0; 161,7475
167,4839; 0; 5,106659
181,461; 0; 137,3435
152,0868; 0; 319,9379
179,2384; 0; 217,8789
184,5906; 0; 123,8362
177,7997; 0; 116,509
178,8557; 0; 36,45084
191,0528; 0; 26,66177
188,8885; 0; 139,7054
180,6396; 0; 121,937
174,4108; 0; 33,92559
177,8393; 0; 156,5975
178,1215; 0; 85,55948
175,3103; 0; 72,40284
185,0797; 0; 64,91589
184,7869; 0; 56,50021
463,4909; 0; 1095,394
134,7167; 0; 331,1432
80,91473; 0; 494,7355
87,0217; 0; 482,4073
267,6071; 0; 1005,335
255,9059; 0; 938,0988
79,44236; 0; 456,7839
246,0361; 0; 934,3377
85,8397; 0; 401,5702
124,359; 0; 350,8439
239,4573; 0; 920,4993
182,2012; 0; 238,408
188,9007; 0; 30,87622
172,0006; 0; 242,2747
185,7284; 0; 240,9967
172,2763; 0; 36,63103
93,93716; 0; 375,2523
132,9096; 0; 343,6902
183,6875; 0; 194,7178
173,8686; 0; 260,7759
199,3164; 0; 33,61023
188,7772; 0; 187,0296
167,0673; 0; 13,10816
187,3021; 0; 161,6965
80,55461; 0; 394,7978
169,0668; 0; 264,5943
182,0755; 0; 145,51
181,5359; 0; 138,5327
176,7027; 0; 32,70185
190,3815; 0; 25,42012
182,4612; 0; 186,1302
179,5951; 0; 163,0518
175,6812; 0; 33,13376
185,3205; 0; 237,5798
178,4557; 0; 119,4722
178,7338; 0; 113,2625
179,239; 0; 83,00951
181,6514; 0; 35,48514
183,9144; 0; 71,29125
182,2765; 0; 77,07304
186,7628; 0; 56,50111
542,4457; 0; 1107,727
128,1357; 0; 347,1725
70,29267; 0; 524,0952
66,6395; 0; 508,6662
320,5679; 0; 1029,403
279,2968; 0; 1007,45
97,42766; 0; 493,6892
270,641; 0; 1003,63
85,43304; 0; 432,903
116,1554; 0; 370,8643
261,959; 0; 992,262
171,3423; 0; 246,8691
191,3573; 0; 36,37148
163,3967; 0; 263,5369
171,5818; 0; 256,0607
167,3064; 0; 38,46628
95,0289; 0; 417,7064
119,3977; 0; 374,644
184,5111; 0; 220,5143
157,8289; 0; 294,1102
199,9431; 0; 34,01582
187,5942; 0; 212,0046
169,0102; 0; 14,84638
183,8492; 0; 185,1722
64,11174; 0; 498,3601
158,1913; 0; 309,2394
185,1323; 0; 169,599
181,1494; 0; 161,9654
175,9562; 0; 36,78521
191,1701; 0; 25,72222
179,7267; 0; 226,8427
184,6773; 0; 207,7079
173,1183; 0; 36,92856
174,6502; 0; 289,2227
184,311; 0; 154,9438
186,7225; 0; 160,0408
185,0373; 0; 102,7607
179,0291; 0; 35,94067
188,9749; 0; 111,7192
176,9617; 0; 151,2737
181,6678; 0; 94,24188
181,8026; 0; 78,22257
187,687; 0; 76,26926
182,8081; 0; 56,50012
177,8313; 0; 56,50182
603,0156; 0; 1155,243
122,7529; 0; 363,7178
83,88519; 0; 555,8026
86,97672; 0; 541,6915
396,3904; 0; 1035,089
344,0754; 0; 1038,516
69,91512; 0; 514,1772
327,7946; 0; 1031,62
87,19834; 0; 456,799
99,53701; 0; 391,5959
301,5278; 0; 1021,721
162,2769; 0; 264,3048
184,664; 0; 38,51908
155,0852; 0; 285,3808
160,3758; 0; 279,5606
168,7863; 0; 44,10762
82,74586; 0; 447,3508
85,73832; 0; 396,6306
181,696; 0; 242,5807
144,6523; 0; 312,9801
199,1201; 0; 32,5806
186,7566; 0; 236,4408
169,9242; 0; 12,84692
183,3091; 0; 214,5407
75,87507; 0; 574,6236
115,3708; 0; 330,3658
185,0597; 0; 194,7033
178,7921; 0; 187,7661
177,3585; 0; 38,01351
192,3629; 0; 27,83443
170,5262; 0; 270,1505
181,1703; 0; 240,384
176,5457; 0; 37,47406
106,2124; 0; 351,2237
182,8997; 0; 190,7222
180,9109; 0; 207,9041
181,189; 0; 123,3539
182,2153; 0; 35,61777
181,1502; 0; 147,864
180,9944; 0; 211,1913
186,6235; 0; 142,9069
181,4517; 0; 153,8654
180,9002; 0; 180,3419
190,4922; 0; 128,4876
185,6831; 0; 94,76402
189,2581; 0; 62,42841
180,2972; 0; 78,06703
186,7674; 0; 56,50097
673,2896; 0; 1179,861
118,8192; 0; 378,1129
97,82533; 0; 585,6627
88,4679; 0; 569,7393
454,3384; 0; 1092,359
431,2669; 0; 1052,293
94,01704; 0; 548,4608
416,0811; 0; 1065,399
70,37584; 0; 480,6699
85,0563; 0; 405,7477
367,62; 0; 1041,263
153,9172; 0; 282,2763
184,1308; 0; 31,14685
148,8154; 0; 296,2634
144,7632; 0; 295,8093
175,1954; 0; 41,15774
78,37804; 0; 479,0545
86,73557; 0; 433,1908
165,7282; 0; 255,1885
121,2228; 0; 328,4825
195,9355; 0; 31,84591
185,3056; 0; 260,7891
171,7769; 0; 8,250857
164,0636; 0; 226,066
81,11088; 0; 648,6887
125,7611; 0; 379,4495
182,3488; 0; 220,6646
182,6967; 0; 212,2097
176,4408; 0; 38,16643
190,7958; 0; 30,98272
151,2883; 0; 316,746
174,7422; 0; 265,9606
177,3102; 0; 37,39946
90,11071; 0; 441,963
180,6282; 0; 222,7264
168,6218; 0; 238,9734
184,6797; 0; 145,9666
182,3485; 0; 33,86642
183,4184; 0; 187,7664
170,5873; 0; 257,3176
185,5714; 0; 194,4868
185,8662; 0; 241,3233
188,7802; 0; 251,7797
180,0776; 0; 192,6264
179,7069; 0; 139,851
184,4993; 0; 80,8505
186,6603; 0; 146,5614
177,9741; 0; 35,18029
183,6378; 0; 71,63748
186,8425; 0; 63,66374
182,8; 0; 56,5
735,0013; 0; 1219,657
112,6876; 0; 390,4309
82,54149; 0; 623,491
78,58241; 0; 601,3994
531,7143; 0; 1098,47
489,9294; 0; 1107,526
84,18056; 0; 583,4919
495,1495; 0; 1091,515
85,08941; 0; 509,8967
87,16727; 0; 430,9965
449,3666; 0; 1060,108
148,8583; 0; 294,9283
191,7242; 0; 33,61039
143,3145; 0; 307,1354
140,2338; 0; 307,3442
170,2729; 0; 35,61399
70,98337; 0; 517,6147
84,58588; 0; 457,5369
155,4132; 0; 275,3335
118,2499; 0; 353,5005
192,9097; 0; 35,52359
164,9076; 0; 271,1378
178,0328; 0; 4,710815
159,6631; 0; 245,1707
134,067; 0; 716,8105
88,7626; 0; 402,578
181,9418; 0; 244,7565
183,0411; 0; 237,5678
174,175; 0; 36,20271
186,2342; 0; 30,52767
123,808; 0; 338,4833
154,5714; 0; 303,3809
176,4276; 0; 38,3293
115,8065; 0; 527,7242
185,7771; 0; 250,0222
154,5862; 0; 274,7709
183,0885; 0; 168,7995
182,5732; 0; 33,48182
179,1563; 0; 227,8623
135,0475; 0; 294,5268
182,2661; 0; 233,7163
160,8118; 0; 313,7366
150,5736; 0; 319,6857
181,3261; 0; 255,9211
179,406; 0; 188,3613
181,3715; 0; 99,31407
177,5447; 0; 231,5693
177,3581; 0; 36,76131
181,4417; 0; 114,8688
187,9083; 0; 85,34888
180,4294; 0; 79,24435
186,2278; 0; 78,33511
177,8304; 0; 56,50176
800,792; 0; 1242,544
104,7736; 0; 402,8553
99,84014; 0; 663,5879
100,8366; 0; 634,7571
582,2686; 0; 1153,942
568,9199; 0; 1120,321
82,63773; 0; 612,4404
559,3136; 0; 1122,015
71,74586; 0; 543,0413
90,44435; 0; 449,217
513,6849; 0; 1125,63
144,608; 0; 304,5782
185,6936; 0; 39,54334
138,5861; 0; 317,8211
135,5031; 0; 318,6877
167,0661; 0; 42,53305
82,33823; 0; 556,7418
71,6673; 0; 483,1187
151,593; 0; 296,182
119,6047; 0; 379,8984
196,5098; 0; 39,82201
165,4445; 0; 296,7331
185,4536; 0; 9,500375
152,4503; 0; 266,2969
184,4129; 0; 799,5717
105,3329; 0; 443,4662
169,3885; 0; 266,1331
168,3615; 0; 254,3553
175,0573; 0; 31,62711
186,4613; 0; 25,2747
124,9245; 0; 381,9225
129,6981; 0; 325,9648
173,1149; 0; 38,76073
71,39164; 0; 583,8895
160,0529; 0; 272,4948
127,2976; 0; 306,2506
181,6198; 0; 192,817
183,1259; 0; 34,85183
170,963; 0; 258,8617
132,1884; 0; 380,9655
167,5018; 0; 252,1314
85,89063; 0; 395,528
78,72665; 0; 408,5562
141,2372; 0; 323,0894
186,0462; 0; 237,4813
184,7829; 0; 118,4745
140,8883; 0; 290,5238
176,3631; 0; 33,21012
178,9848; 0; 155,4102
182,73; 0; 107,3957
179,1686; 0; 99,68069
182,1394; 0; 153,5798
179,0971; 0; 78,87403
176,5715; 0; 63,95811
187,9847; 0; 46,3082
183,795; 0; 56,50005
813,4355; 0; 1334,603
97,15604; 0; 416,315
128,0087; 0; 698,3582
121,1515; 0; 674,6028
657,3943; 0; 1158,901
628,7585; 0; 1169,688
87,07745; 0; 643,7397
642,4383; 0; 1147,711
88,14697; 0; 576,5776
98,4721; 0; 477,6839
598,6573; 0; 1128,095
139,7853; 0; 314,5194
184,3983; 0; 30,90251
133,7575; 0; 328,7073
129,5379; 0; 332,2334
175,2044; 0; 42,03954
99,51646; 0; 594,1615
81,55357; 0; 514,247
149,3933; 0; 313,1765
100,4782; 0; 399,3962
201,4153; 0; 35,37603
143,0579; 0; 318,2725
180,8287; 0; 17,80984
146,7386; 0; 291,048
234,9564; 0; 882,3805
101,7005; 0; 488,3799
155,906; 0; 285,8356
160,8478; 0; 275,1966
180,9786; 0; 31,28423
192,1557; 0; 26,1231
88,10083; 0; 406,9861
132,1967; 0; 360,5011
170,3324; 0; 34,74195
107,7353; 0; 652,2205
163,3799; 0; 317,3248
119,8772; 0; 334,6118
183,5379; 0; 219,5114
182,1006; 0; 37,22139
147,0677; 0; 285,9336
68,55893; 0; 432,8049
147,9032; 0; 273,1182
102,8512; 0; 485,7161
60,50219; 0; 503,1851
79,18835; 0; 398,0124
166,059; 0; 275,4917
183,5228; 0; 137,7192
90,57099; 0; 392,6116
174,144; 0; 34,69524
186,1079; 0; 199,0423
183,5707; 0; 129,5423
174,717; 0; 127,3392
184,7606; 0; 229,9454
179,1523; 0; 108,7504
184,6161; 0; 76,00668
192,3924; 0; 35,8643
186,2756; 0; 82,74241
177,7144; 0; 47,09544
178,8194; 0; 56,50087
896,8757; 0; 1384,18
83,66666; 0; 429,8511
154,8682; 0; 736,6945
143,4758; 0; 715,6658
703,8755; 0; 1218,266
699,2332; 0; 1192,93
116,7713; 0; 675,8409
696,5175; 0; 1216,736
88,34342; 0; 602,6738
76,21396; 0; 495,2457
649,602; 0; 1189,952
134,1987; 0; 322,2955
192,4414; 0; 35,08348
128,5735; 0; 340,2253
123,6646; 0; 346,2938
169,9833; 0; 35,40974
81,52409; 0; 632,6708
74,57765; 0; 547,6497
133,1019; 0; 333,181
83,96269; 0; 414,8702
195,6339; 0; 30,97088
132,7154; 0; 336,4774
173,7254; 0; 11,17571
143,4563; 0; 299,1639
262,4027; 0; 974,2015
75,15287; 0; 515,6179
146,0729; 0; 303,6712
146,3127; 0; 287,9207
181,6616; 0; 38,07632
189,402; 0; 32,23896
82,27489; 0; 442,8715
108,8588; 0; 381,7064
174,2524; 0; 30,53256
141,498; 0; 711,3506
143,8023; 0; 348,5188
125,2296; 0; 370,5447
186,6605; 0; 244,658
178,5261; 0; 37,41151
140,5197; 0; 318,752
82,46407; 0; 487,8391
137,0993; 0; 313,1827
107,0356; 0; 558,5366
93,09577; 0; 576,3433
116,5258; 0; 522,2686
127,6396; 0; 304,0259
180,657; 0; 158,3376
109,5687; 0; 478,1103
173,6464; 0; 35,46346
185,5886; 0; 237,9486
184,9942; 0; 150,3051
175,9299; 0; 155,119
161,3128; 0; 303,5123
184,3737; 0; 138,5149
182,4579; 0; 90,57407
190,8073; 0; 33,30397
180,449; 0; 105,5974
174,7254; 0; 35,43134
185,0992; 0; 75,62951
190,4011; 0; 65,80448
188,7993; 0; 53,36004
177,8; 0; 56,5
80,61525; 0; 441,718
181,6573; 0; 777,0383
165,8327; 0; 758,5541
777,9351; 0; 1216,907
761,0549; 0; 1230,697
139,4241; 0; 714,7988
780,6441; 0; 1228,27
79,40311; 0; 631,5992
93,50404; 0; 521,6711
729,3322; 0; 1193,591
130,4989; 0; 331,8744
184,29; 0; 38,89977
124,4959; 0; 352,1862
117,5037; 0; 360,2454
167,928; 0; 44,03621
102,6957; 0; 667,7195
97,11551; 0; 577,3181
139,2155; 0; 361,2174
96,18074; 0; 444,8011
193,5157; 0; 38,18389
131,2611; 0; 363,7033
183,0405; 0; 7,627999
138,9928; 0; 310,0443
325,3876; 0; 1027,521
86,09625; 0; 555,272
139,4789; 0; 317,358
141,0602; 0; 296,7139
173,7613; 0; 38,05421
184,8208; 0; 27,1651
87,05235; 0; 470,4627
90,67786; 0; 398,895
179,0848; 0; 35,36666
174,6629; 0; 764,6085
123,3927; 0; 364,5649
100,6227; 0; 394,3623
165,7546; 0; 256,2157
177,5282; 0; 32,97915
127,3792; 0; 345,073
75,77198; 0; 536,6956
134,3577; 0; 343,8346
78,10757; 0; 640,3126
81,23795; 0; 645,5253
76,83282; 0; 626,5185
112,3627; 0; 345,3291
181,9627; 0; 180,6121
86,58916; 0; 548,0201
173,5708; 0; 34,56197
175,8622; 0; 269,1143
188,6997; 0; 172,9007
176,9402; 0; 178,2576
135,9442; 0; 361,5337
179,2721; 0; 166,1259
180,6525; 0; 104,5352
193,4413; 0; 35,86409
181,6236; 0; 133,4154
175,565; 0; 33,2678
190,4538; 0; 98,73269
193,2879; 0; 91,80146
194,5342; 0; 39,7019
181,9645; 0; 89,50227
185,8395; 0; 76,61592
179,5375; 0; 76,73609
177,8; 0; 56,5
184,8; 0; 56,5
81,56301; 0; 457,3115
205,0606; 0; 821,3026
192,1004; 0; 801,7352
812,1578; 0; 1294,422
817,3772; 0; 1276,094
165,3974; 0; 753,1783
829,0649; 0; 1303,289
99,25266; 0; 658,1284
88,02367; 0; 543,7104
783,1646; 0; 1257,264
126,6141; 0; 341,4018
186,7789; 0; 30,16562
119,4604; 0; 363,7839
112,3723; 0; 374,8822
175,7821; 0; 40,25853
136,9776; 0; 709,1276
83,01841; 0; 614,6113
130,5637; 0; 372,9241
76,74894; 0; 462,7521
201,3951; 0; 36,94267
119,7844; 0; 384,0175
179,1078; 0; 16,7148
135,3956; 0; 321,3489
415,2618; 0; 1072,686
69,14748; 0; 598,3231
133,0678; 0; 327,6312
135,2765; 0; 306,8153
176,1294; 0; 30,24145
191,8054; 0; 25,33248
70,29012; 0; 497,6765
98,66389; 0; 434,386
173,0443; 0; 39,5765
208,63; 0; 815,9489
102,8221; 0; 385,5442
84,53819; 0; 420,1021
155,5262; 0; 276,3025
182,5336; 0; 32,19957
123,8906; 0; 370,4235
71,97614; 0; 585,002
127,7635; 0; 390,9567
116,7511; 0; 697,1864
123,8178; 0; 700,0134
110,5133; 0; 679,8947
106,7876; 0; 383,7212
181,6758; 0; 203,8584
77,82774; 0; 609,8574
175,0972; 0; 32,35302
157,1017; 0; 305,3722
188,3348; 0; 196,3709
177,8723; 0; 199,607
77,15367; 0; 415,3548
180,9792; 0; 191,7042
184,5482; 0; 121,6347
192,7148; 0; 37,53175
184,6799; 0; 161,7055
173,0832; 0; 35,65665
185,8175; 0; 125,1713
192,1908; 0; 114,9628
194,7073; 0; 41,5716
177,0177; 0; 133,2858
188,7853; 0; 158,6259
178,4506; 0; 168,3202
184,1341; 0; 90,85822
176,0957; 0; 128,091
175,2545; 0; 74,24776
182,659; 0; 62,66747
183,7912; 0; 56,50009
180,8008; 0; 56,50002
85,45303; 0; 475,7164
227,7861; 0; 863,1873
214,7208; 0; 845,2803
845,4636; 0; 1377,116
833,6649; 0; 1358,236
190,7375; 0; 794,1378
858,1937; 0; 1393,687
125,8279; 0; 690,4708
77,59894; 0; 566,3717
822,7228; 0; 1356,508
122,6957; 0; 350,8936
191,5483; 0; 38,28102
115,0861; 0; 375,4216
107,4464; 0; 389,8183
167,3365; 0; 37,11109
164,0539; 0; 758,1693
104,2799; 0; 649,0811
112,8372; 0; 381,6592
76,36905; 0; 481,5932
196,2077; 0; 30,51681
95,34169; 0; 393,0845
177,4094; 0; 7,01071
130,5469; 0; 332,6231
524,1514; 0; 1094,379
98,79499; 0; 638,4999
127,9593; 0; 340,5265
131,7731; 0; 318,2891
182,9246; 0; 35,71905
189,513; 0; 32,28042
83,70062; 0; 530,017
79,73804; 0; 455,3283
170,2953; 0; 32,26853
235,3972; 0; 877,6309
85,09063; 0; 401,6172
79,05411; 0; 450,8813
143,9289; 0; 291,3694
182,2075; 0; 37,76395
101,3919; 0; 393,8313
97,35901; 0; 630,9368
116,6855; 0; 429,5209
157,7804; 0; 755,1556
160,1124; 0; 759,5238
156,7806; 0; 741,1907
83,58463; 0; 416,8652
179,543; 0; 229,5204
109,8259; 0; 668,6022
178,7869; 0; 32,87412
128,6425; 0; 319,3845
187,1746; 0; 220,8642
178,8194; 0; 222,3994
83,56303; 0; 498,8799
181,5059; 0; 214,4085
185,7635; 0; 137,6395
193,0403; 0; 37,85015
186,2429; 0; 191,9999
175,5039; 0; 31,97035
186,0858; 0; 148,8542
191,0137; 0; 139,8136
194,9539; 0; 37,92079
180,0466; 0; 179,2002
185,3071; 0; 231,3864
185,1645; 0; 237,3108
179,9295; 0; 130,5525
179,7072; 0; 211,3745
177,7955; 0; 121,0706
178,8495; 0; 79,79552
175,9394; 0; 92,46446
176,9294; 0; 36,16974
183,4597; 0; 77,65701
189,0803; 0; 63,48465
178,8194; 0; 56,50087
178,8482; 0; 56,50217
79,59185; 0; 487,8168
239,7018; 0; 905,0522
230,1839; 0; 886,1647
901,9229; 0; 1400,211
918,6821; 0; 1381,55
214,2264; 0; 836,5432
148,0229; 0; 728,1121
90,11873; 0; 591,0829
896,5104; 0; 1404,079
118,8872; 0; 360,3387
182,3481; 0; 35,84614
111,0023; 0; 386,6787
103,2265; 0; 403,6416
171,0915; 0; 45,33128
192,979; 0; 808,0557
124,4563; 0; 688,3628
115,1905; 0; 406,7043
81,70379; 0; 505,9724
193,6134; 0; 38,49616
86,80713; 0; 408,2633
182,6601; 0; 14,9777
126,0905; 0; 344,093
595,9105; 0; 1160,483
127,1435; 0; 681,2444
121,8278; 0; 354,4649
128,4076; 0; 326,0403
174,7402; 0; 39,48077
185,1467; 0; 26,16237
74,21703; 0; 566,9414
77,06365; 0; 476,6191
178,5762; 0; 32,86081
259,9775; 0; 942,4216
88,26395; 0; 429,7195
80,20465; 0; 475,3965
138,8984; 0; 301,4109
176,9143; 0; 35,18796
88,91018; 0; 410,7376
115,5877; 0; 669,7722
81,98671; 0; 441,1854
197,9285; 0; 803,1475
185,4884; 0; 806,1165
189,4045; 0; 801,473
91,59028; 0; 447,4539
182,6781; 0; 252,0463
144,5895; 0; 727,2944
179,5195; 0; 37,56065
106,0579; 0; 352,2705
189,0587; 0; 243,0967
173,3698; 0; 245,6593
106,3918; 0; 573,3994
178,8054; 0; 236,9571
185,0048; 0; 154,8936
194,3323; 0; 36,42865
183,7158; 0; 223,2597
177,7571; 0; 32,6556
181,6157; 0; 174,2764
189,7277; 0; 166,9635
192,9948; 0; 41,39464
181,3515; 0; 220,0227
172,0516; 0; 287,3238
164,7245; 0; 295,7484
185,7452; 0; 170,8485
179,6972; 0; 267,616
188,6437; 0; 163,2304
185,7754; 0; 97,25416
178,6975; 0; 138,3336
176,0741; 0; 34,90448
188,0191; 0; 148,9545
183,071; 0; 85,49681
177,2047; 0; 88,54533
183,4598; 0; 117,873
184,0673; 0; 73,88828
180,1513; 0; 77,82492
177,8313; 0; 56,50182
75,57417; 0; 509,3047
263,2827; 0; 943,9508
243,6099; 0; 927,4484
230,1499; 0; 877,4294
168,9977; 0; 767,6857
94,71828; 0; 612,0224
115,294; 0; 369,946
190,6867; 0; 31,08702
106,958; 0; 397,6156
81,57471; 0; 411,2258
174,2054; 0; 36,92218
215,643; 0; 858,8246
147,6955; 0; 728,6781
76,51314; 0; 419,2953
74,72502; 0; 534,0573
201,8913; 0; 35,46473
80,85327; 0; 415,1326
175,8492; 0; 8,409027
121,3421; 0; 355,7078
689,3427; 0; 1178,067
152,8532; 0; 722,2516
123,9097; 0; 374,6833
125,4656; 0; 336,4693
176,4035; 0; 30,11468
192,9023; 0; 26,61114
97,17988; 0; 601,1326
72,328; 0; 507,3451
173,6815; 0; 40,15268
271,932; 0; 1006,503
88,27457; 0; 446,6925
71,5303; 0; 504,1773
134,2451; 0; 311,8256
181,7615; 0; 31,43355
95,89323; 0; 443,4626
136,7839; 0; 720,6153
100,3037; 0; 478,7264
232,7072; 0; 863,7491
213,1244; 0; 856,3981
221,8034; 0; 854,0515
68,10605; 0; 475,1794
166,9289; 0; 262,8835
172,972; 0; 775,8527
174,0181; 0; 38,27012
105,5007; 0; 381,0967
172,6918; 0; 258,4136
159,366; 0; 270,0107
78,13875; 0; 640,3486
157,1347; 0; 251,531
184,6295; 0; 173,6995
194,0058; 0; 32,82656
178,8224; 0; 248,5008
177,882; 0; 32,41262
181,222; 0; 200,2043
188,5473; 0; 191,8847
194,1762; 0; 42,87612
176,239; 0; 248,3633
123,2586; 0; 390,0449
110,4651; 0; 361,4146
183,1369; 0; 211,7119
128,2199; 0; 335,5695
180,7143; 0; 197,2966
180,5367; 0; 116,0557
187,7088; 0; 180,4401
179,0737; 0; 36,10865
187,364; 0; 204,3138
188,1052; 0; 109,3324
180,2176; 0; 123,4276
178,4914; 0; 209,2608
176,6064; 0; 126,4129
184,1693; 0; 153,0581
184,1213; 0; 95,49828
178,3636; 0; 62,3538
178,8482; 0; 56,50217
178,8482; 0; 56,50217
76,84685; 0; 525,838
269,552; 0; 985,4294
257,0009; 0; 967,3095
244,9876; 0; 916,9569
195,1277; 0; 806,4599
79,55988; 0; 634,1417
111,2261; 0; 379,4958
188,0255; 0; 40,08494
103,4499; 0; 408,5116
77,6793; 0; 425,2346
166,0514; 0; 40,8451
235,5028; 0; 906,2028
175,1602; 0; 767,7734
72,37894; 0; 432,5005
86,74812; 0; 564,9531
193,7649; 0; 31,58044
74,28786; 0; 440,9466
182,8981; 0; 14,12595
116,9836; 0; 367,6809
756,4457; 0; 1246,104
180,6056; 0; 767,3654
109,7293; 0; 387,5947
124,5772; 0; 345,0886
182,9707; 0; 37,29937
187,626; 0; 32,3678
81,03982; 0; 631,1299
63,06912; 0; 545,8674
170,3331; 0; 31,63142
328,0686; 0; 1031,888
70,31706; 0; 465,5145
73,85571; 0; 543,0718
129,9626; 0; 321,7884
182,4399; 0; 37,93852
78,6433; 0; 473,1971
175,1744; 0; 762,5168
68,91447; 0; 501,5754
263,9256; 0; 936,1788
232,2722; 0; 918,1213
243,752; 0; 925,6537
87,49213; 0; 509,4884
156,3283; 0; 281,8962
208,1854; 0; 830,7717
174,1186; 0; 32,32244
98,03979; 0; 412,7035
169,261; 0; 279,9926
142,1901; 0; 287,8475
126,532; 0; 696,0581
144,8238; 0; 279,5182
184,7058; 0; 193,8003
189,3702; 0; 31,92704
165,8162; 0; 271,7235
176,0664; 0; 30,90486
179,7124; 0; 226,8086
187,2957; 0; 218,3079
193,4936; 0; 42,96798
148,6967; 0; 278,0454
54,25025; 0; 479,4477
118,6534; 0; 456,0179
159,5476; 0; 246,2647
117,7694; 0; 419,1866
185,6898; 0; 238,0043
185,8172; 0; 135,9791
183,6088; 0; 223,9823
175,2264; 0; 35,66612
178,1413; 0; 263,5204
191,3311; 0; 133,1116
186,7775; 0; 151,9603
170,183; 0; 279,4405
179,2206; 0; 189,7647
185,7429; 0; 233,5602
177,2446; 0; 140,9218
184,6231; 0; 76,99323
180,9916; 0; 120,5579
176,7886; 0; 128,5224
186,1018; 0; 77,62917
176,6918; 0; 63,71659
183,7912; 0; 56,50009
85,32995; 0; 546,0363
302,5923; 0; 1012,867
281,0603; 0; 1001,993
253,2643; 0; 958,2818
221,6051; 0; 844,8256
102,4824; 0; 655,5563
106,96; 0; 388,6711
183,8309; 0; 31,39768
98,02471; 0; 417,2599
77,63705; 0; 437,9866
174,7906; 0; 43,74526
251,1215; 0; 953,149
198,9926; 0; 811,4963
73,78335; 0; 447,7512
87,67403; 0; 584,3396
196,7365; 0; 40,27704
73,3615; 0; 456,2615
176,0277; 0; 8,41842
112,8231; 0; 379,3528
838,1504; 0; 1285,84
204,9857; 0; 817,8035
105,4931; 0; 401,1231
119,2588; 0; 354,0419
173,1867; 0; 37,90853
187,3064; 0; 24,13692
97,22474; 0; 654,4332
70,33114; 0; 572,0948
179,3559; 0; 34,2276
406,0353; 0; 1047,294
63,09866; 0; 498,3203
77,53344; 0; 575,0621
125,2497; 0; 332,8214
176,7666; 0; 34,41084
87,45139; 0; 497,0413
203,1656; 0; 812,2329
93,26102; 0; 538,2186
289,4692; 0; 1014,675
258,3294; 0; 989,9262
278,4181; 0; 990,9196
80,59621; 0; 543,7504
150,6378; 0; 294,3704
228,291; 0; 899,0271
180,3143; 0; 34,3596
85,18394; 0; 432,4325
155,7203; 0; 296,377
136,7119; 0; 301,6261
168,3184; 0; 764,1163
127,5757; 0; 298,49
184,8365; 0; 215,6153
187,8878; 0; 37,42351
149,1694; 0; 290,6902
171,9762; 0; 31,76298
182,3789; 0; 251,3597
192,6253; 0; 244,246
191,7951; 0; 41,39155
143,7196; 0; 323,4751
82,84389; 0; 559,3683
83,31643; 0; 570,3925
153,1931; 0; 283,8408
98,40405; 0; 541,218
164,6367; 0; 275,2404
181,6303; 0; 157,1005
178,0397; 0; 258,1301
174,8474; 0; 33,78004
155,8367; 0; 333,6479
190,3199; 0; 154,4601
181,6506; 0; 185,9026
145,4882; 0; 356,4084
187,3423; 0; 240,1589
160,0347; 0; 282,9916
185,7785; 0; 183,3597
179,7629; 0; 93,22436
182,0622; 0; 214,3253
183,8338; 0; 229,4891
180,1246; 0; 175,9672
174,3049; 0; 95,08814
187,7036; 0; 95,26147
184,934; 0; 73,16819
177,8313; 0; 56,50182
90,63956; 0; 561,1151
337,7188; 0; 1027,952
316,3927; 0; 1019,295
261,3044; 0; 995,6456
236,2191; 0; 882,9958
122,8099; 0; 684,1798
102,8822; 0; 398,1944
192,7557; 0; 35,37002
93,75404; 0; 425,7065
78,95424; 0; 453,1816
169,7362; 0; 35,68447
270,8826; 0; 999,8678
226,8438; 0; 851,8063
68,42599; 0; 462,3414
79,33728; 0; 615,0729
200,655; 0; 31,82498
72,45564; 0; 473,902
181,673; 0; 14,84012
109,5336; 0; 390,3493
858,6775; 0; 1401,681
224,2502; 0; 866,9301
100,8873; 0; 413,5905
113,9721; 0; 363,0143
179,7336; 0; 30,06236
193,3847; 0; 29,49027
117,5219; 0; 687,0433
75,49086; 0; 608,2323
171,3067; 0; 39,18584
459,8415; 0; 1089,863
79,94279; 0; 521,1309
97,07178; 0; 607,3813
120,2521; 0; 346,0122
182,9761; 0; 32,11499
80,12349; 0; 525,0756
225,7323; 0; 861,7864
91,37881; 0; 577,7787
355,1665; 0; 1045,494
292,6946; 0; 1017,842
331,8842; 0; 1011,576
101,7986; 0; 578,9759
146,4709; 0; 303,8718
252,2126; 0; 963,3334
175,558; 0; 39,23631
91,83501; 0; 462,3375
129,1535; 0; 308,228
126,7095; 0; 316,5466
207,6258; 0; 834,0284
125,9179; 0; 326,7143
183,4229; 0; 239,6911
193,7126; 0; 38,31382
123,5767; 0; 305,7868
171,0369; 0; 36,73261
171,5059; 0; 276,7643
172,9614; 0; 264,7809
192,6302; 0; 37,50373
123,8113; 0; 341,9623
87,31102; 0; 645,0726
114,6276; 0; 652,7119
134,4548; 0; 318,422
84,26112; 0; 632,2787
142,2142; 0; 317,2523
181,3219; 0; 177,631
155,4202; 0; 294,0842
174,533; 0; 33,73737
86,32201; 0; 431,6199
189,4224; 0; 173,4089
181,4892; 0; 221,2084
55,5182; 0; 463,1768
170,5563; 0; 283,0652
120,0649; 0; 344,3737
183,4399; 0; 229,055
185,2075; 0; 110,0567
171,9986; 0; 279,4077
149,1523; 0; 290,3348
175,7227; 0; 250,1722
182,7489; 0; 122,8717
186,219; 0; 140,6401
189,5174; 0; 124,4725
181,6107; 0; 100,3566
177,1497; 0; 63,96647
186,7628; 0; 56,50111
89,07247; 0; 575,7608
376,4627; 0; 1033,235
350,4121; 0; 1041,895
281,5233; 0; 1009,758
250,1077; 0; 921,3729
138,359; 0; 715,9296
83,13545; 0; 402,5815
183,2684; 0; 37,82005
92,52846; 0; 439,0608
81,60923; 0; 470,3138
168,6343; 0; 44,92924
310,2035; 0; 1020,627
241,3471; 0; 893,3206
65,26293; 0; 477,0518
102,3454; 0; 640,6773
192,2092; 0; 35,1477
74,31693; 0; 491,0289
177,7043; 0; 7,493412
99,11872; 0; 399,9124
240,7739; 0; 913,6371
93,78486; 0; 421,1938
109,0243; 0; 371,8919
180,4204; 0; 40,26697
185,4527; 0; 29,74937
143,4824; 0; 726,2444
96,2287; 0; 630,9243
173,1193; 0; 29,6672
529,8005; 0; 1101,802
83,88428; 0; 542,3993
83,46152; 0; 631,1612
124,6491; 0; 355,8533
180,2416; 0; 38,43678
75,12915; 0; 552,027
239,3596; 0; 918,5397
83,38528; 0; 611,4366
458,636; 0; 1061,677
338,5968; 0; 1034,597
391,2773; 0; 1061,863
85,94409; 0; 617,8966
142,2656; 0; 313,4857
289,8676; 0; 1006,512
173,4796; 0; 32,23993
69,55518; 0; 488,3627
114,6532; 0; 325,8864
119,1573; 0; 340,8669
247,1723; 0; 902,5008
128,3975; 0; 352,222
181,9747; 0; 245,4921
193,2703; 0; 31,7968
117,3532; 0; 320,5786
177,2222; 0; 38,44869
149,0013; 0; 294,3754
154,7415; 0; 283,4621
197,6391; 0; 36,70657
126,7939; 0; 379,9474
131,3792; 0; 707,8126
154,6357; 0; 726,8779
132,0721; 0; 357,778
122,5714; 0; 698,2358
122,747; 0; 352,9553
181,598; 0; 200,3203
120,486; 0; 317,9514
174,4062; 0; 35,93802
65,92597; 0; 500,6707
188,4446; 0; 194,0523
183,7482; 0; 249,0201
92,96854; 0; 545,6943
133,3337; 0; 344,0785
99,81003; 0; 426,0898
174,3187; 0; 268,8143
183,3943; 0; 126,3364
117,8648; 0; 336,3085
111,3289; 0; 352,5831
145,5062; 0; 314,7742
184,6963; 0; 150,2115
182,747; 0; 187,369
181,8811; 0; 177,9255
181,5793; 0; 149,5545
182,6045; 0; 84,28001
184,4338; 0; 86,9592
186,5185; 0; 64,60658
176,4964; 0; 73,11404
182,8; 0; 56,5
87,26152; 0; 593,192
409,3187; 0; 1051,921
385,0008; 0; 1050,208
304,6997; 0; 1016,462
260,4598; 0; 958,6439
160,4996; 0; 746,3059
79,43922; 0; 413,9216
189,0742; 0; 30,12148
93,50711; 0; 451,8956
79,14919; 0; 482,5226
175,4304; 0; 38,39094
350,0042; 0; 1043,588
255,5459; 0; 934,1839
68,93832; 0; 493,2055
120,8478; 0; 674,076
201,2564; 0; 38,43582
73,88369; 0; 511,5906
179,1582; 0; 15,70629
88,06957; 0; 407,6768
263,319; 0; 955,4953
88,41455; 0; 433,2517
104,1497; 0; 381,2191
173,1728; 0; 33,28805
191,1598; 0; 23,91392
169,5761; 0; 767,3843
110,5854; 0; 668,8312
178,8296; 0; 37,45893
584,5462; 0; 1143,379
71,9109; 0; 567,8591
101,6565; 0; 658,9964
118,4317; 0; 366,6353
177,5406; 0; 32,03008
95,54078; 0; 577,8135
271,4376; 0; 964,5546
95,58006; 0; 653,1429
536,1982; 0; 1132,847
419,2198; 0; 1045,263
470,5833; 0; 1072,719
108,3588; 0; 653,7975
137,237; 0; 321,9161
340,2308; 0; 1018,87
180,4661; 0; 34,51784
76,22535; 0; 524,5665
111,4354; 0; 340,8221
117,0664; 0; 354,8735
267,1276; 0; 979,7855
109,9302; 0; 370,3711
165,6192; 0; 253,111
186,8129; 0; 34,71037
108,551; 0; 347,7801
178,4897; 0; 31,2911
148,0481; 0; 304,9777
136,2491; 0; 308,3316
198,8381; 0; 42,69796
95,08315; 0; 400,2191
156,912; 0; 746,1029
193,8154; 0; 804,1248
106,1523; 0; 389,0529
165,368; 0; 749,6802
104,8279; 0; 389,8656
181,0842; 0; 223,8658
104,3713; 0; 357,1639
176,9471; 0; 38,46947
58,1011; 0; 578,9246
187,3809; 0; 216,5084
162,0756; 0; 274,3894
88,45774; 0; 625,0945
112,6339; 0; 369,2384
107,2178; 0; 532,4824
161,2218; 0; 307,0231
180,8382; 0; 143,8114
94,2208; 0; 416,807
63,43734; 0; 456,8411
111,8347; 0; 392,1095
183,7721; 0; 178,518
179,1841; 0; 222,8894
184,1861; 0; 220,8807
179,413; 0; 203,4264
184,6931; 0; 105,4321
187,3286; 0; 142,8064
180,1965; 0; 83,4838
177,9734; 0; 121,4247
180,4333; 0; 36,67194
183,6952; 0; 78,73407
182,8; 0; 56,5
86,83015; 0; 612,0588
441,0631; 0; 1077,592
425,856; 0; 1056,79
328,8048; 0; 1021,322
268,0543; 0; 997,3842
178,9737; 0; 780,351
78,18988; 0; 425,1396
189,4642; 0; 39,7947
91,40575; 0; 459,8615
74,64576; 0; 499,3844
166,0308; 0; 39,53204
395,2408; 0; 1050,733
265,3412; 0; 973,3281
69,7951; 0; 512,609
136,2397; 0; 709,9249
196,593; 0; 30,32384
72,2609; 0; 530,4567
180,6169; 0; 7,513726
77,62691; 0; 427,6999
285,2888; 0; 999,8237
88,67618; 0; 445,3346
99,76083; 0; 390,0695
183,6245; 0; 33,39447
190,4603; 0; 32,27048
194,6875; 0; 810,495
134,6399; 0; 702,437
169,0531; 0; 35,60016
641,8509; 0; 1172,207
86,85107; 0; 591,7484
128,0553; 0; 694,0349
112,572; 0; 377,628
184,0951; 0; 34,35338
89,42891; 0; 602,6496
267,6175; 0; 1005,504
125,4297; 0; 688,4412
634,3477; 0; 1149,94
482,8961; 0; 1098,533
530,2379; 0; 1118,833
133,0493; 0; 686,6808
132,8452; 0; 331,8532
406,094; 0; 1052,379
174,2089; 0; 38,86798
81,91016; 0; 552,4665
108,0163; 0; 355,3207
114,0384; 0; 372,2988
322,2253; 0; 1023,882
94,77197; 0; 397,7394
160,406; 0; 269,4291
192,472; 0; 39,20697
104,7311; 0; 377,995
170,6122; 0; 31,98201
144,5854; 0; 315,922
127,1155; 0; 340,5836
192,3133; 0; 43,23964
84,70796; 0; 426,2401
181,7275; 0; 795,0071
223,8824; 0; 886,7833
106,8488; 0; 420,3724
198,8829; 0; 806,4388
75,81464; 0; 422,0238
166,0826; 0; 237,206
104,8299; 0; 398,6184
181,3316; 0; 36,3354
107,7242; 0; 649,0544
185,9354; 0; 240,583
155,5778; 0; 302,0831
111,6054; 0; 686,355
113,5501; 0; 415,1161
67,40428; 0; 610,4781
118,2426; 0; 327,61
182,4187; 0; 162,6632
59,77843; 0; 489,7275
102,1677; 0; 547,3189
73,04494; 0; 450,2075
181,557; 0; 208,9102
165,5492; 0; 249,7223
181,4178; 0; 249,3725
175,8781; 0; 242,8487
180,947; 0; 126,5871
185,8524; 0; 203,6971
185,8964; 0; 104,1021
180,2406; 0; 163,596
179,9715; 0; 33,58587
189,5271; 0; 166,7706
186,1388; 0; 125,0455
183,7615; 0; 78,90263
177,1074; 0; 67,06958
181,8; 0; 56,5
184,8; 0; 56,5
80,84648; 0; 629,2433
473,5809; 0; 1091,019
457,993; 0; 1070,303
365,8307; 0; 1034,565
303,4592; 0; 1016,671
200,4233; 0; 813,838
77,4012; 0; 435,5059
182,9706; 0; 32,188
84,58821; 0; 469,7722
72,0028; 0; 518,2574
174,1526; 0; 44,47883
439,839; 0; 1059,465
281,5139; 0; 1006,451
75,10471; 0; 528,2248
159,4702; 0; 744,0677
194,7713; 0; 39,46118
78,87814; 0; 547,5461
176,3183; 0; 14,24061
74,84563; 0; 438,6946
322,0336; 0; 1022,529
82,76188; 0; 452,8638
95,61317; 0; 398,7972
175,9265; 0; 40,20951
185,6917; 0; 25,61996
214,9099; 0; 853,1284
155,959; 0; 740,1119
177,5239; 0; 30,4668
703,8874; 0; 1189,97
92,79263; 0; 612,873
152,3925; 0; 733,4179
106,9575; 0; 388,7569
177,5699; 0; 37,02975
94,47337; 0; 637,8552
317,101; 0; 1002,68
149,4199; 0; 727,3081
694,4395; 0; 1210,698
553,5552; 0; 1125,172
593,7839; 0; 1149,199
155,893; 0; 732,0615
128,3208; 0; 341,8232
473,2076; 0; 1085,193
175,131; 0; 31,19503
69,04014; 0; 585,9744
104,4835; 0; 369,7791
101,0632; 0; 386,9854
394,0949; 0; 1062,051
114,1036; 0; 425,9497
154,1556; 0; 285,9797
193,4577; 0; 31,88108
85,44224; 0; 399,4686
174,3814; 0; 39,27211
139,5205; 0; 327,375
120,1639; 0; 354,0884
193,4899; 0; 36,04403
84,78503; 0; 450,8099
211,8847; 0; 847,4886
266,0241; 0; 962,5494
81,3309; 0; 437,3051
231,2066; 0; 862,5809
78,4558; 0; 458,4746
166,4241; 0; 255,4038
75,80807; 0; 421,2899
179,2992; 0; 31,03297
145,713; 0; 719,7737
167,496; 0; 249,0395
129,058; 0; 317,9432
149,2009; 0; 740,4622
83,63644; 0; 443,8907
105,0251; 0; 669,7295
122,0856; 0; 365,9531
182,9615; 0; 183,3744
63,6848; 0; 571,6202
87,59335; 0; 639,3854
93,99024; 0; 518,6921
178,673; 0; 236,5809
134,0902; 0; 287,2188
155,9395; 0; 286,4314
147,5557; 0; 280,1722
183,5504; 0; 148,8935
185,5977; 0; 241,1395
181,7205; 0; 125,9045
185,5022; 0; 214,8036
181,4115; 0; 35,84564
170,0626; 0; 243,2112
186,7934; 0; 217,6388
179,1166; 0; 169,6122
185,181; 0; 84,21371
176,5604; 0; 34,57708
180,1864; 0; 117,6374
184,6087; 0; 79,00406
177,1627; 0; 77,07388
179,8; 0; 56,5
186,8; 0; 56,5
96,6463; 0; 647,8865
515,6632; 0; 1098,896
489,5154; 0; 1098,113
402,0793; 0; 1042,273
337,874; 0; 1027,224
221,957; 0; 846,3522
76,53985; 0; 445,3482
192,5087; 0; 34,16922
77,24799; 0; 482,794
78,19724; 0; 534,0363
170,7492; 0; 35,57265
477,9536; 0; 1083,773
305,0053; 0; 1015,14
76,17033; 0; 544,5319
178,9739; 0; 782,2089
202,1779; 0; 33,47603
86,35292; 0; 565,4045
183,2054; 0; 9,862775
73,24685; 0; 447,6443
369,6551; 0; 1026,666
82,06239; 0; 463,6454
89,63564; 0; 410,9059
176,7796; 0; 29,77859
193,8798; 0; 27,45533
230,9701; 0; 893,5383
178,5974; 0; 776,9908
174,2648; 0; 39,99627
752,5058; 0; 1234,543
80,78793; 0; 636,6857
177,4003; 0; 771,6482
101,7741; 0; 400,0516
180,6078; 0; 30,54133
111,7527; 0; 671,316
363,2845; 0; 1038,011
172,9417; 0; 766,8622
786,7371; 0; 1235,84
623,0559; 0; 1150,105
661,5624; 0; 1168,487
179,6838; 0; 771,7283
123,6477; 0; 351,7227
539,5304; 0; 1102,604
180,2225; 0; 37,13072
81,50775; 0; 612,7774
100,6594; 0; 384,5004
97,63351; 0; 413,8067
478,6436; 0; 1078,145
89,33003; 0; 436,8258
151,6829; 0; 294,2102
186,5201; 0; 35,87435
83,55804; 0; 422,5827
179,4261; 0; 32,21797
127,6288; 0; 341,4354
112,2923; 0; 365,2391
200,016; 0; 40,17595
72,00218; 0; 475,5003
236,4234; 0; 899,8248
301,523; 0; 1018,265
79,61018; 0; 474,6277
244,147; 0; 940,7612
69,73838; 0; 488,7643
157,8785; 0; 274,7815
62,46136; 0; 458,8901
173,7769; 0; 34,07
168,8266; 0; 772,6085
149,2771; 0; 264,5079
108,9186; 0; 344,5768
181,035; 0; 797,3581
67,11311; 0; 485,4126
153,8152; 0; 736,6906
108,0425; 0; 394,099
182,2708; 0; 204,54
98,91256; 0; 641,6378
133,8191; 0; 707,1605
88,59978; 0; 594,6159
164,7787; 0; 261,4276
145,81; 0; 326,6889
138,794; 0; 330,1178
134,4401; 0; 332,7186
185,0494; 0; 171,5749
170,3311; 0; 287,9946
185,1808; 0; 148,3538
153,4023; 0; 241,1764
178,8751; 0; 32,32294
153,5233; 0; 300,8498
157,2427; 0; 291,7922
163,0646; 0; 257,1219
180,118; 0; 104,3581
178,5695; 0; 35,80634
179,8267; 0; 199,6185
188,6369; 0; 157,702
185,3127; 0; 167,0007
182,8963; 0; 84,5512
192,5272; 0; 82,63621
176,1098; 0; 67,2807
185,8; 0; 56,5
111,809; 0; 670,942
547,997; 0; 1116,109
522,0549; 0; 1116,355
433,0551; 0; 1061,877
367,279; 0; 1043,783
233,9226; 0; 879,0452
76,00237; 0; 455,0543
183,6054; 0; 38,65406
70,36851; 0; 491,7447
87,82384; 0; 553,4937
167,7019; 0; 44,3632
515,0006; 0; 1111,365
326,8715; 0; 1019,776
75,49214; 0; 557,8895
201,4916; 0; 820,1234
192,8281; 0; 33,31118
89,80147; 0; 578,1613
175,3245; 0; 10,58004
73,76221; 0; 458,2523
406,0158; 0; 1048,199
83,15693; 0; 478,5332
83,18989; 0; 417,8496
182,7818; 0; 38,21783
186,454; 0; 31,09274
244,0719; 0; 934,3405
202,6862; 0; 813,5956
170,5503; 0; 30,53752
818,7665; 0; 1257,982
104,5899; 0; 659,3501
201,3714; 0; 808,0867
96,6461; 0; 411,4408
182,7442; 0; 37,41574
134,2278; 0; 702,8542
430,5534; 0; 1052,725
194,9971; 0; 805,8731
843,0069; 0; 1325,48
680,2195; 0; 1200,136
714,886; 0; 1217,363
203,9819; 0; 808,2061
119,223; 0; 361,5822
589,6984; 0; 1154,971
172,2459; 0; 36,3834
81,33322; 0; 638,8694
97,86182; 0; 398,5432
77,85831; 0; 418,0154
547,1949; 0; 1110,042
95,77704; 0; 463,3061
150,6371; 0; 300,8331
193,8653; 0; 38,61039
85,12411; 0; 437,9988
170,6256; 0; 31,45998
105,0355; 0; 362,2566
106,6731; 0; 378,5722
193,1166; 0; 44,36721
81,17945; 0; 502,323
250,413; 0; 983,6235
356,1757; 0; 1044,109
89,8499; 0; 504,7696
290,5479; 0; 1005,554
75,61037; 0; 522,9192
154,3235; 0; 292,9783
79,50087; 0; 486,872
178,5526; 0; 39,22787
198,7861; 0; 825,59
129,9728; 0; 291,7256
101,9946; 0; 368,3221
214,4886; 0; 856,5504
70,82384; 0; 520,2791
190,5199; 0; 805,8632
83,02766; 0; 412,7538
181,1061; 0; 226,6938
128,5326; 0; 704,5306
183,2151; 0; 783,1027
82,05357; 0; 648,1882
153,1476; 0; 284,1406
117,8439; 0; 351,9157
124,927; 0; 356,614
118,5188; 0; 373,9016
183,8638; 0; 196,5868
119,8766; 0; 344,3632
180,8932; 0; 172,606
148,6429; 0; 288,0676
176,5712; 0; 33,9439
110,1422; 0; 376,9294
118,2256; 0; 403,2654
129,1641; 0; 327,8917
185,5877; 0; 125,3628
177,5768; 0; 36,38549
181,8894; 0; 271,8636
185,5286; 0; 231,5966
184,8071; 0; 237,2284
184,702; 0; 107,7454
189,3358; 0; 102,0488
183,6745; 0; 95,57423
186,5972; 0; 73,72882
182,5552; 0; 74,43661
184,7867; 0; 56,5
185,7867; 0; 56,50058
125,058; 0; 695,7641
578,9346; 0; 1145,368
562,3954; 0; 1125,422
463,7813; 0; 1087,654
402,2169; 0; 1053,189
243,5318; 0; 910,7106
75,01244; 0; 466,1961
187,9867; 0; 29,76134
77,55191; 0; 507,2293
88,17083; 0; 564,6428
175,8516; 0; 39,35992
560,7952; 0; 1134,637
366,7675; 0; 1029,365
79,20458; 0; 571,8338
224,0125; 0; 855,6336
199,9667; 0; 39,55804
89,68717; 0; 593,7916
182,4361; 0; 13,85979
69,46731; 0; 471,6967
442,1917; 0; 1078,968
84,8796; 0; 490,8206
81,19862; 0; 427,2311
172,5626; 0; 34,97901
189,9219; 0; 23,43356
258,9798; 0; 973,5084
225,7126; 0; 849,9819
179,2521; 0; 35,43918
832,6387; 0; 1332,666
121,549; 0; 688,0126
224,3895; 0; 844,8568
75,40508; 0; 426,0974
176,6959; 0; 33,36895
153,7408; 0; 737,9104
485,6825; 0; 1077,288
216,906; 0; 849,8145
867,9931; 0; 1424,648
755,5759; 0; 1211,322
785,6514; 0; 1234,518
227,0417; 0; 845,0333
114,4857; 0; 371,1498
659,4493; 0; 1165,625
178,5581; 0; 31,25907
110,382; 0; 665,628
83,02334; 0; 413,3255
86,74079; 0; 441,8715
617,0744; 0; 1132,994
84,04813; 0; 477,5073
149,829; 0; 317,1936
191,2464; 0; 31,01282
89,80063; 0; 459,2133
175,3154; 0; 39,23193
110,7729; 0; 381,2599
96,48416; 0; 392,8424
193,6859; 0; 36,13494
72,01826; 0; 533,0637
310,6527; 0; 1025,923
432,0319; 0; 1084,231
73,06736; 0; 538,6972
346,4931; 0; 1036,753
77,22824; 0; 559,4931
144,5738; 0; 312,1285
67,35323; 0; 523,3521
181,6371; 0; 32,67544
235,644; 0; 887,924
133,1868; 0; 306,3484
103,0379; 0; 389,7215
242,1446; 0; 934,402
78,39564; 0; 554,4954
219,2311; 0; 863,0779
93,37942; 0; 442,4366
183,8563; 0; 247,3389
173,9349; 0; 768,1623
224,6457; 0; 841,6943
128,6108; 0; 710,2271
140,8773; 0; 306,1322
105,4994; 0; 377,8688
118,2364; 0; 392,764
93,93655; 0; 400,8976
184,4964; 0; 222,4359
109,1037; 0; 391,538
181,2445; 0; 196,8161
115,6407; 0; 321,6469
176,1705; 0; 34,13901
69,30228; 0; 444,1431
53,32019; 0; 494,9917
99,81233; 0; 416,1913
180,4095; 0; 147,949
179,7277; 0; 32,47435
129,7012; 0; 357,2776
168,7641; 0; 299,8487
151,1714; 0; 287,7044
181,9113; 0; 130,055
188,3416; 0; 123,8409
175,0522; 0; 127,7818
176,6579; 0; 93,47702
180,3025; 0; 140,805
187,4759; 0; 108,1805
191,9527; 0; 99,52007
185,4637; 0; 72,93832
188,2083; 0; 61,6472
179,8; 0; 56,5
186,8; 0; 56,5
144,1173; 0; 718,0796
612,6794; 0; 1156,622
596,4105; 0; 1137,793
498,5037; 0; 1095,653
437,9193; 0; 1059,586
250,3273; 0; 942,0201
73,87245; 0; 477,5791
190,0075; 0; 39,23235
85,44513; 0; 523,9702
87,22748; 0; 578,9219
166,2897; 0; 38,62036
598,5433; 0; 1159,714
398,5948; 0; 1041,578
83,99457; 0; 587,4905
234,1133; 0; 891,2813
198,0065; 0; 30,13755
90,04411; 0; 611,6155
178,1067; 0; 7,425024
71,40393; 0; 487,4532
480,7868; 0; 1094,032
75,20361; 0; 502,078
80,50941; 0; 435,7844
182,4885; 0; 31,50642
191,8016; 0; 31,624
284,2626; 0; 1006,271
234,7188; 0; 887,5842
169,4126; 0; 37,3938
891,781; 0; 1381,877
140,5235; 0; 715,8328
238,4561; 0; 885,0293
75,50245; 0; 440,3461
183,7092; 0; 32,6082
177,401; 0; 773,3353
521,1408; 0; 1122,272
234,7609; 0; 895,6545
805,1646; 0; 1271,527
819,2496; 0; 1311,081
233,5338; 0; 884,9031
109,7391; 0; 380,7793
709,478; 0; 1213,022
177,4031; 0; 39,13228
130,7693; 0; 701,6179
88,45994; 0; 429,1198
87,8665; 0; 458,0443
665,7487; 0; 1197,608
81,9675; 0; 499,661
143,0509; 0; 321,3492
187,4479; 0; 38,28791
66,65871; 0; 474,3061
178,481; 0; 30,31021
102,5235; 0; 393,5594
108,7486; 0; 417,3579
200,3908; 0; 41,11449
88,42879; 0; 565,5636
387,5558; 0; 1061,007
536,7726; 0; 1094,84
81,64101; 0; 570,947
432,9712; 0; 1063,143
72,5827; 0; 605,5684
146,4946; 0; 331,5002
92,79491; 0; 555,5933
173,8879; 0; 32,82771
253,3946; 0; 954,308
129,2874; 0; 322,621
84,86779; 0; 405,2687
275,4097; 0; 1001,686
99,45728; 0; 595,0628
246,9174; 0; 938,7186
68,49134; 0; 470,0414
165,5541; 0; 256,8293
219,1579; 0; 838,6774
249,0429; 0; 898,9111
172,108; 0; 773,7128
136,1126; 0; 326,8871
92,92799; 0; 422,7973
86,76511; 0; 417,902
106,5638; 0; 438,8449
178,3261; 0; 242,9714
72,23904; 0; 435,6081
181,1898; 0; 222,8466
119,9441; 0; 360,982
177,138; 0; 32,21144
52,83834; 0; 528,5517
90,51636; 0; 573,5964
69,70268; 0; 497,511
182,5462; 0; 171,0658
180,6933; 0; 36,35838
80,38226; 0; 425,7624
101,9025; 0; 352,046
96,15547; 0; 355,5211
184,6332; 0; 153,4819
186,9974; 0; 145,7757
175,824; 0; 152,6942
185,4131; 0; 113,1948
185,0148; 0; 222,6864
179,5722; 0; 180,1702
183,0944; 0; 143,7587
177,8823; 0; 116,5719
184,081; 0; 90,21349
189,9766; 0; 119,8367
194,9939; 0; 34,76348
177,8945; 0; 64,91328
180,8; 0; 56,5
180,8; 0; 56,5
159,3213; 0; 744,3355
651,0136; 0; 1162,696
626,046; 0; 1168,704
537,1006; 0; 1105,537
464,812; 0; 1087,17
261,3884; 0; 972,0626
78,2634; 0; 490,3538
182,299; 0; 32,85933
85,95016; 0; 537,2759
86,80634; 0; 595,0695
173,4192; 0; 44,99281
646,8254; 0; 1168,912
430,4411; 0; 1064,269
87,21416; 0; 602,5099
244,3737; 0; 926,7467
194,0753; 0; 38,83202
80,36333; 0; 631,0899
178,5155; 0; 15,01382
78,61774; 0; 502,9911
528,0791; 0; 1102,223
73,23557; 0; 519,2691
80,0164; 0; 444,5781
176,9631; 0; 40,46885
185,1241; 0; 26,43658
320,4949; 0; 1021,373
250,0748; 0; 922,3865
175,7091; 0; 29,55339
155,6605; 0; 742,0157
255,9256; 0; 928,5869
75,94849; 0; 453,5616
178,6191; 0; 37,77541
198,5645; 0; 810,9511
577,4826; 0; 1118,533
253,8356; 0; 939,2466
831,8553; 0; 1349,796
863,7341; 0; 1375,252
245,4479; 0; 921,2961
105,1802; 0; 390,4816
777,0299; 0; 1223,263
173,0959; 0; 32,28879
152,082; 0; 738,5598
88,49722; 0; 462,0603
88,49958; 0; 471,5457
745,4235; 0; 1200,453
76,5652; 0; 523,0844
139,7851; 0; 324,2885
195,3634; 0; 35,98218
61,94094; 0; 504,014
169,6279; 0; 33,93751
97,66213; 0; 406,3253
101,5608; 0; 427,4742
192,1336; 0; 43,68322
81,87463; 0; 594,4825
497,9146; 0; 1078,045
595,2469; 0; 1162,277
82,98763; 0; 606,2377
492,2183; 0; 1098,317
93,84425; 0; 643,1674
136,0684; 0; 340,3349
76,00124; 0; 590,9825
178,0611; 0; 39,56162
300,3872; 0; 1013,968
125,4325; 0; 337,7947
80,66235; 0; 428,4432
326,5656; 0; 1031,28
86,17779; 0; 631,8475
266,2273; 0; 1004,807
64,05293; 0; 502,1943
156,8764; 0; 273,5396
246,0634; 0; 915,5002
255,5136; 0; 979,4791
202,4261; 0; 831,707
137,2217; 0; 359,119
82,50699; 0; 449,7034
90,33062; 0; 452,1088
69,07451; 0; 462,6651
165,8913; 0; 258,798
66,41949; 0; 481,305
184,8406; 0; 247,5469
107,9328; 0; 388,9592
181; 0; 30,92012
83,17377; 0; 617,3356
106,125; 0; 656,8008
89,54474; 0; 570,3216
183,4472; 0; 195,8797
179,8503; 0; 37,70877
71,06277; 0; 486,8502
109,987; 0; 441,5291
78,27599; 0; 431,5204
183,732; 0; 177,7366
185,5583; 0; 169,0222
176,8218; 0; 175,546
180,1618; 0; 135,1808
172,6054; 0; 280,3284
191,4926; 0; 257,3563
179,949; 0; 180,3602
184,1228; 0; 162,7003
186,575; 0; 115,6908
178,1072; 0; 184,7048
192,0364; 0; 37,09331
184,21; 0; 85,28881
185,8445; 0; 34,08637
176,1816; 0; 121,1046
175,155; 0; 67,89725
187,6561; 0; 73,92764
183,8; 0; 56,5
174,6122; 0; 772,5149
679,3896; 0; 1193,866
659,0522; 0; 1179,068
566,9083; 0; 1127,087
494,5841; 0; 1101,518
276,2845; 0; 999,2128
82,08737; 0; 503,0114
192,1051; 0; 33,63185
83,93626; 0; 553,266
87,52667; 0; 611,9998
171,4221; 0; 35,71898
685,3607; 0; 1198,064
460,7179; 0; 1087,55
89,22949; 0; 618,2885
254,275; 0; 960,5601
202,4882; 0; 34,49835
97,98467; 0; 649,3612
182,2346; 0; 8,40974
84,48872; 0; 516,8637
562,0454; 0; 1136,553
79,85118; 0; 533,6888
80,49991; 0; 453,8876
175,9154; 0; 30,03841
193,5268; 0; 26,49616
358,1517; 0; 1039,793
258,5057; 0; 955,8411
175,4662; 0; 39,82181
171,6143; 0; 769,0892
266,1848; 0; 969,3613
77,11551; 0; 467,8823
179,6483; 0; 30,59865
214,4181; 0; 848,7065
604,8768; 0; 1170,025
268,6125; 0; 980,4291
923,9217; 0; 1376,707
252,5161; 0; 961,799
100,3464; 0; 399,8275
799,8666; 0; 1313,177
181,0156; 0; 34,40683
168,2988; 0; 765,9684
59,73484; 0; 477,946
66,13543; 0; 487,3106
787,1249; 0; 1277,112
98,43152; 0; 546,0922
132,2776; 0; 331,0396
187,9045; 0; 32,13239
71,25785; 0; 521,057
178,2737; 0; 37,99638
93,28876; 0; 419,235
90,08441; 0; 437,0404
195,9398; 0; 35,68443
76,27272; 0; 627,2015
575,6854; 0; 1131,227
681,275; 0; 1181,345
77,57313; 0; 633,8077
564,8176; 0; 1119,293
118,1943; 0; 683,4885
127,7739; 0; 350,3979
82,36301; 0; 625,8649
181,0645; 0; 32,01071
357,1577; 0; 1036,09
120,0691; 0; 352,1837
77,36659; 0; 454,5053
410,7043; 0; 1041,118
113,1072; 0; 664,2258
322,6565; 0; 1030,689
88,04092; 0; 533,829
148,8796; 0; 286,9859
269,3195; 0; 990,3274
298,9686; 0; 1020,655
240,2823; 0; 897,2717
128,7654; 0; 372,8788
62,24985; 0; 475,5395
63,34763; 0; 483,9333
84,55596; 0; 500,1733
155,9099; 0; 280,1015
88,31496; 0; 523,777
165,0546; 0; 259,9714
78,73826; 0; 414,447
184,0524; 0; 34,68321
119,9439; 0; 692,2441
152,629; 0; 734,9407
94,11681; 0; 638,1092
181,6578; 0; 221,3025
181,0039; 0; 37,57898
70,47884; 0; 541,9138
92,26463; 0; 527,3585
56,20131; 0; 490,8123
182,6263; 0; 202,6289
184,6331; 0; 194,1397
177,8128; 0; 198,2445
183,0987; 0; 157,6602
134,1003; 0; 379,123
136,7961; 0; 318,3373
185,1977; 0; 232,9735
187,0591; 0; 191,485
179,9778; 0; 141,5203
186,706; 0; 258,6743
190,8054; 0; 34,67993
184,3498; 0; 107,7483
183,7124; 0; 36,05722
180,0444; 0; 213,5838
177,5148; 0; 95,0315
189,2064; 0; 143,4851
178,0667; 0; 117,9071
177,9114; 0; 71,78813
191,9955; 0; 800,5966
711,0231; 0; 1204,659
696,312; 0; 1185,45
595,1392; 0; 1154,021
531,8182; 0; 1110,636
305,6343; 0; 1014,45
83,6887; 0; 515,2875
183,7143; 0; 39,0697
82,25311; 0; 564,9899
81,77861; 0; 627,8504
167,2435; 0; 44,11271
723,1578; 0; 1212,839
498,9372; 0; 1092,854
82,80059; 0; 639,507
275,4827; 0; 992,6949
192,8865; 0; 32,78592
110,2304; 0; 672,0256
175,2306; 0; 11,73574
85,81911; 0; 530,4595
597,1474; 0; 1144,444
89,44146; 0; 551,4742
80,36041; 0; 464,4042
183,5099; 0; 37,40432
186,9696; 0; 31,5239
389,2858; 0; 1054,914
278,6631; 0; 987,819
169,2841; 0; 31,55193
188,4189; 0; 797,7005
271,5713; 0; 1004,908
76,91261; 0; 478,9809
183,4312; 0; 36,96117
227,8771; 0; 882,9634
661,206; 0; 1159,137
300,8936; 0; 1013,797
267,567; 0; 1002,493
95,70501; 0; 409,5764
875,4384; 0; 1374,001
173,7151; 0; 37,85648
184,7321; 0; 794,9969
63,21641; 0; 495,8104
82,28742; 0; 507,0776
838,4968; 0; 1349,149
87,64895; 0; 568,6804
126,6417; 0; 336,1403
191,1282; 0; 39,82944
80,40099; 0; 546,2783
175,2086; 0; 28,8457
94,48706; 0; 432,0624
79,54307; 0; 452,0331
199,0393; 0; 44,10642
88,75617; 0; 652,9141
655,5063; 0; 1161,52
761,6072; 0; 1204,135
93,1166; 0; 661,8103
621,1501; 0; 1173,308
146,9008; 0; 723,5353
120,4197; 0; 360,6997
103,6191; 0; 656,9852
173,0556; 0; 34,77466
422,8641; 0; 1070,06
112,695; 0; 364,6472
77,34026; 0; 481,2447
479,9635; 0; 1099,107
137,1435; 0; 705,3496
405,1872; 0; 1060,524
101,1827; 0; 573,402
144,5209; 0; 295,0949
320,8184; 0; 1029,514
369,2241; 0; 1046,732
266,4975; 0; 968,1995
117,8831; 0; 385,9129
76,14249; 0; 504,1124
79,02958; 0; 519,8179
75,82511; 0; 541,3807
152,2; 0; 298,993
102,6805; 0; 571,2422
154,0652; 0; 280,0572
97,52119; 0; 452,4695
180,1321; 0; 39,25743
169,2769; 0; 764,6783
200,1318; 0; 803,2906
137,6724; 0; 699,3756
179,968; 0; 244,8279
182,5754; 0; 34,88109
102,9869; 0; 619,1545
77,29501; 0; 594,0791
85,55292; 0; 543,9578
179,5651; 0; 226,8921
184,4477; 0; 219,1003
178,8101; 0; 221,4976
185,1878; 0; 181,1492
77,20717; 0; 466,8669
104,3326; 0; 393,3024
173,3775; 0; 278,7066
187,1316; 0; 221,7804
184,5279; 0; 170,9001
149,2394; 0; 339,0776
190,7297; 0; 33,85273
181,1758; 0; 129,8877
183,6393; 0; 33,43512
159,7564; 0; 286,0907
181,7086; 0; 124,005
181,4216; 0; 224,3785
182,7567; 0; 220,7826
179,3308; 0; 111,8733
178,7407; 0; 74,76068
181,8649; 0; 94,62833
185,0221; 0; 75,50029
208,3117; 0; 829,2377
746,7289; 0; 1210,915
722,8932; 0; 1218,929
633,2767; 0; 1161,33
564,5576; 0; 1121,3
332,8609; 0; 1022,667
84,07395; 0; 528,1323
187,6926; 0; 30,16861
81,10371; 0; 578,3981
95,02223; 0; 644,8929
175,7037; 0; 39,6857
764,639; 0; 1221,673
535,0802; 0; 1105,237
100,0547; 0; 654,0538
297,1136; 0; 1012,908
199,347; 0; 39,6039
125,5473; 0; 694,895
182,9417; 0; 12,83292
85,51778; 0; 544,8981
633,4392; 0; 1179,954
89,92436; 0; 561,97
80,04543; 0; 476,3878
173,112; 0; 36,15063
189,1119; 0; 23,24659
429,4317; 0; 1063,098
307,8788; 0; 1014,422
179,2099; 0; 34,46976
204,3867; 0; 826,7421
296,1833; 0; 1015,229
72,43153; 0; 491,8516
176,7397; 0; 34,44194
239,5939; 0; 917,907
687,7623; 0; 1207,431
328,2935; 0; 1024,631
291,9357; 0; 1013,628
89,30775; 0; 418,5998
177,0095; 0; 30,21135
200,566; 0; 824,4308
69,0125; 0; 510,615
91,82002; 0; 531,9181
926,2295; 0; 1376,95
83,25214; 0; 588,2836
130,6953; 0; 344,7672
193,7236; 0; 31,76641
70,48938; 0; 572,7167
171,0467; 0; 37,80611
90,57462; 0; 442,3578
91,40372; 0; 477,1807
190,731; 0; 40,17585
114,6585; 0; 682,7125
731,2238; 0; 1195,704
809,9635; 0; 1289,37
120,662; 0; 691,6035
700,0859; 0; 1179,773
174,8425; 0; 766,5397
113,6679; 0; 371,1338
119,8233; 0; 695,5508
180,7326; 0; 38,56865
502,737; 0; 1090,067
105,7478; 0; 375,994
64,80261; 0; 506,3279
559,288; 0; 1123,717
160,7511; 0; 748,0783
488,5984; 0; 1086,894
83,11663; 0; 608,2072
143,2468; 0; 304,1088
405,319; 0; 1053,576
463,79; 0; 1065,672
294,7206; 0; 1014,061
104,7621; 0; 400,9425
74,44096; 0; 541,9747
72,64952; 0; 558,132
69,51955; 0; 587,2758
139,2811; 0; 310,3117
101,4021; 0; 612,6372
141,7914; 0; 295,1021
92,94839; 0; 477,7333
175,2484; 0; 34,48767
216,091; 0; 829,5667
236,5658; 0; 871,3339
169,2728; 0; 766,4285
170,551; 0; 262,6546
180,2452; 0; 30,94126
126,8732; 0; 685,5752
109,9569; 0; 667,3408
71,84945; 0; 605,4613
181,5372; 0; 249,3772
176,7109; 0; 241,9646
175,1397; 0; 243,4865
184,6802; 0; 206,2941
55,72663; 0; 517,6617
113,5111; 0; 494,6168
158,8477; 0; 318,5061
177,4715; 0; 262,4718
185,8342; 0; 197,0533
88,93729; 0; 413,9106
190,0724; 0; 34,63526
183,9561; 0; 152,9703
184,1871; 0; 37,66477
127,49; 0; 376,2031
179,7327; 0; 155,5782
178,3106; 0; 273,9069
166,3419; 0; 272,631
185,6203; 0; 150,2406
179,6349; 0; 98,36124
178,63; 0; 137,4874
188,823; 0; 161,1455
174,1021; 0; 98,78914
177,0103; 0; 72,07084
220,2177; 0; 856,0106
775,6388; 0; 1240,724
757,8246; 0; 1224,262
665,5792; 0; 1172,477
593,402; 0; 1146,551
360,3488; 0; 1028,741
84,07361; 0; 541,5617
189,7191; 0; 39,84205
80,88618; 0; 592,1973
111,2705; 0; 665,0062
166,4921; 0; 38,15338
784,5296; 0; 1259,958
565,8343; 0; 1129,831
115,6052; 0; 671,9248
319,4197; 0; 1019,157
198,3559; 0; 30,07935
142,8575; 0; 717,0266
177,3691; 0; 7,603755
90,54915; 0; 557,813
676,1219; 0; 1185,349
88,67123; 0; 573,8253
79,98417; 0; 484,2167
182,3499; 0; 30,49604
192,5787; 0; 30,90789
465,6595; 0; 1072,097
339,2648; 0; 1031,327
169,6138; 0; 37,93877
219,3905; 0; 853,7413
316,2556; 0; 1023,002
72,08909; 0; 510,4922
183,7164; 0; 32,12193
248,7559; 0; 951,4308
737,9546; 0; 1210,666
358,7797; 0; 1038,474
314,8799; 0; 1019,015
84,97719; 0; 429,0261
179,0938; 0; 38,2074
215,15; 0; 858,7698
75,6739; 0; 527,0024
86,46679; 0; 550,7847
87,20283; 0; 610,6625
130,6694; 0; 353,8026
186,657; 0; 36,25383
71,19173; 0; 598,2078
180,2287; 0; 33,98683
83,97563; 0; 453,8059
74,61634; 0; 501,6469
199,5706; 0; 37,55796
140,2088; 0; 713,1247
800,8085; 0; 1252,86
853,1554; 0; 1388,934
144,9207; 0; 727,194
750,5662; 0; 1241,637
199,4151; 0; 813,3922
107,6781; 0; 381,7522
146,8998; 0; 732,3124
178,4628; 0; 30,12059
559,9603; 0; 1137,158
99,84766; 0; 388,2091
60,98578; 0; 533,7192
614,3979; 0; 1165,558
188,7774; 0; 790,6587
556,8314; 0; 1124,695
108,6316; 0; 643,8143
150,7424; 0; 318,0958
474,7155; 0; 1093,592
535,8846; 0; 1132,869
324,6808; 0; 1013,687
90,85352; 0; 414,6848
87,48275; 0; 571,1221
97,45656; 0; 592,0174
81,30789; 0; 618,9321
135,5901; 0; 322,9427
97,70531; 0; 650,4708
125,3053; 0; 310,7148
87,3701; 0; 511,468
181,4433; 0; 30,55275
247,3593; 0; 905,329
248,9412; 0; 962,3876
198,4449; 0; 822,8629
158,5735; 0; 283,3343
174,7254; 0; 32,22834
166,2501; 0; 747,8907
141,2313; 0; 728,996
94,12589; 0; 658,8573
168,5324; 0; 269,1756
171,5691; 0; 260,3895
159,4308; 0; 273,3262
179,6948; 0; 232,0434
83,00684; 0; 584,3018
84,10716; 0; 568,1144
109,807; 0; 341,1892
154,3147; 0; 302,912
186,548; 0; 223,8908
54,36985; 0; 485,2109
190,2805; 0; 37,10232
185,0958; 0; 176,9095
186,7159; 0; 37,62545
60,58372; 0; 453,3644
185,0766; 0; 187,0924
131,4962; 0; 324,9384
125,0947; 0; 333,8545
181,407; 0; 192,6158
186,3228; 0; 121,0494
183,8535; 0; 183,0336
189,316; 0; 250,0947
177,5461; 0; 148,982
177,8586; 0; 111,049
180,7926; 0; 75,644
187,4977; 0; 80,7189
180,4262; 0; 54,21938
232,1377; 0; 880,419
800,7068; 0; 1257,307
790,5394; 0; 1234,527
691,0616; 0; 1203,893
620,7513; 0; 1164,141
384,7284; 0; 1040,24
84,52562; 0; 555,277
182,1146; 0; 33,61603
84,70423; 0; 604,7083
122,8253; 0; 688,3511
172,8818; 0; 45,12373
828,2928; 0; 1269,654
595,2642; 0; 1152,686
124,7854; 0; 693,803
351,2961; 0; 1019,539
193,3324; 0; 38,35354
158,0644; 0; 741,7629
179,1762; 0; 15,14881
86,47922; 0; 566,8655
713,8438; 0; 1198,272
87,66365; 0; 587,5342
73,64596; 0; 493,8411
178,2744; 0; 40,37241
185,1337; 0; 27,16646
496,3449; 0; 1098,604
376,0162; 0; 1035,713
175,1845; 0; 29,48468
230,6215; 0; 884,5524
347,5379; 0; 1026,168
72,95123; 0; 525,1336
180,0453; 0; 38,29184
260,6273; 0; 983,5895
779,5156; 0; 1230,125
401,1282; 0; 1045,171
345,0685; 0; 1024,563
80,62054; 0; 439,3185
172,6615; 0; 33,19336
231,3877; 0; 894,3165
82,65723; 0; 543,4711
85,28809; 0; 570,1399
99,52587; 0; 634,2961
129,7587; 0; 361,8974
195,2226; 0; 37,46393
75,41837; 0; 621,0946
170,4835; 0; 30,93539
73,89958; 0; 467,9428
95,62778; 0; 515,554
194,7161; 0; 45,56697
160,9441; 0; 742,24
836,882; 0; 1372,472
170,1474; 0; 765,9445
826,3503; 0; 1265,239
225,3837; 0; 858,111
101,8853; 0; 391,8771
172,6035; 0; 772,887
173,9585; 0; 37,69236
626,8054; 0; 1167,853
95,23418; 0; 401,8643
63,81483; 0; 560,7412
689,3051; 0; 1187,105
216,8433; 0; 833,7151
626,9465; 0; 1147,64
129,0311; 0; 683,9302
147,3458; 0; 322,7029
551,4813; 0; 1111,076
616,0058; 0; 1140,166
397,9528; 0; 1033,787
89,56465; 0; 436,976
101,1571; 0; 605,5938
79,56919; 0; 630,2398
85,09888; 0; 646,5046
130,2661; 0; 335,7228
133,43; 0; 692,6904
126,641; 0; 329,722
78,08913; 0; 541,9445
183,7045; 0; 38,10752
266,4292; 0; 983,7878
312,4997; 0; 1019,992
227,3394; 0; 882,8432
151,1798; 0; 295,9077
176,1221; 0; 39,17458
200,4056; 0; 819,1017
185,8912; 0; 788,1317
137,081; 0; 695,2821
157,0225; 0; 289,0019
159,5669; 0; 278,0234
153,5372; 0; 310,9946
182,3645; 0; 257,26
103,1463; 0; 636,6099
73,60346; 0; 630,4185
114,1041; 0; 390,5032
129,8276; 0; 331,6486
184,7062; 0; 247,8251
93,72559; 0; 546,9009
193,8634; 0; 38,67135
184,3565; 0; 203,0814
187,054; 0; 37,79773
58,24529; 0; 544,2614
180,833; 0; 220,2143
116,222; 0; 405,7015
105,588; 0; 438,8041
172,656; 0; 238,9322
179,9921; 0; 145,935
180,8767; 0; 216,018
159,6157; 0; 311,9815
181,461; 0; 199,4168
181,3978; 0; 156,4742
175,2663; 0; 103,4705
185,9933; 0; 108,0984
178,9429; 0; 68,41597
185,0962; 0; 79,0312
179,5422; 0; 98,72168
188,3801; 0; 47,72181
243,4303; 0; 904,8691
831,3779; 0; 1273,875
806,7425; 0; 1272,968
729,7801; 0; 1207,201
660,0537; 0; 1166,939
409,4292; 0; 1054,978
83,92474; 0; 565,907
192,0372; 0; 34,11935
87,86207; 0; 620,2823
137,5729; 0; 711,3776
171,6451; 0; 35,59283
848,7701; 0; 1310,286
636,8499; 0; 1157,718
140,9809; 0; 712,7836
376,8278; 0; 1036,158
202,2006; 0; 34,93516
173,6654; 0; 769,2597
181,9698; 0; 8,110538
86,71805; 0; 577,7457
743,7568; 0; 1230,836
88,20567; 0; 602,3345
74,9427; 0; 508,2606
175,583; 0; 29,78811
193,4562; 0; 25,48157
528,2119; 0; 1120,549
405,8096; 0; 1057,676
175,7073; 0; 39,67264
244,7693; 0; 914,3608
378,1846; 0; 1044,834
78,65389; 0; 539,6928
179,085; 0; 31,09193
275,8899; 0; 1007,11
779,3582; 0; 1296,817
436,5047; 0; 1066,332
381,6245; 0; 1035,426
76,96037; 0; 447,4025
180,9466; 0; 33,25617
243,2048; 0; 931,5306
74,39245; 0; 560,4299
89,41199; 0; 587,1299
111,1944; 0; 662,1429
118,9014; 0; 363,2947
189,3651; 0; 31,13743
81,06506; 0; 643,5063
176,3496; 0; 39,4956
72,12105; 0; 478,2754
79,6973; 0; 530,4521
193,1172; 0; 36,51987
180,1982; 0; 781,2017
194,6512; 0; 806,5922
861,7861; 0; 1337,736
244,4468; 0; 899,8195
96,48915; 0; 401,7124
197,8872; 0; 815,1865
182,4544; 0; 35,12061
695,9009; 0; 1213,009
90,43912; 0; 414,7497
69,9599; 0; 578,0181
754,8339; 0; 1224,903
233,3727; 0; 876,2075
687,6818; 0; 1197,973
143,5813; 0; 714,361
143,6144; 0; 330,5555
609,6374; 0; 1169,254
681,094; 0; 1198,441
469,7727; 0; 1064,736
74,86949; 0; 455,864
83,67113; 0; 634,8754
97,48293; 0; 662,2471
116,5325; 0; 681,428
124,6499; 0; 348,1262
157,3297; 0; 743,3309
137,3436; 0; 347,8445
72,9796; 0; 583,8511
175,5601; 0; 36,38109
313,2331; 0; 1021,859
389,0388; 0; 1062,584
239,8175; 0; 955,5422
144,6329; 0; 306,1165
183,1613; 0; 36,59192
236,3296; 0; 873,7917
224,7556; 0; 854,0328
163,021; 0; 754,0616
161,7006; 0; 314,5773
162,8407; 0; 298,4355
146,7587; 0; 340,2437
163,9667; 0; 267,9888
132,6863; 0; 703,6022
113,3219; 0; 684,381
72,12464; 0; 419,082
129,5743; 0; 369,9981
172,6954; 0; 269,711
90,50687; 0; 623,9116
196,9144; 0; 34,92837
179,2563; 0; 228,109
185,5614; 0; 38,9332
84,81084; 0; 621,1533
183,9478; 0; 247,8873
110,3316; 0; 522,6543
54,82344; 0; 503,9174
169,3287; 0; 270,351
184,6354; 0; 172,6716
178,0646; 0; 244,3193
107,6868; 0; 372,037
179,3355; 0; 238,2915
184,1731; 0; 200,0135
185,5298; 0; 126,5981
180,7896; 0; 134,4886
184,8887; 0; 80,59108
181,237; 0; 102,7969
177,0998; 0; 139,2945
189,2064; 0; 51,85921
179,194; 0; 74,34004
184,8399; 0; 65,5749
248,993; 0; 930,8416
848,7422; 0; 1310,067
832,0762; 0; 1291,705
758,1456; 0; 1221,103
685,2639; 0; 1188,015
433,3439; 0; 1071,942
84,02447; 0; 576,4838
183,9644; 0; 39,99942
95,9838; 0; 644,788
151,8954; 0; 734,8109
166,7724; 0; 43,69276
869,5694; 0; 1342,623
665,5778; 0; 1174,746
153,7075; 0; 735,0001
403,9712; 0; 1056,02
192,9903; 0; 32,15943
189,2548; 0; 797,1285
175,7184; 0; 12,58969
87,41924; 0; 590,0876
789,0063; 0; 1246,96
89,30382; 0; 617,7897
75,07507; 0; 523,4178
183,7905; 0; 36,5404
187,7604; 0; 31,73122
568,0166; 0; 1129,399
438,3824; 0; 1074,622
169,0397; 0; 32,19575
254,3933; 0; 944,2133
411,7326; 0; 1058,763
82,71963; 0; 556,8578
184,173; 0; 36,30465
300,1486; 0; 1015,764
856,3079; 0; 1317,538
470,2728; 0; 1092,766
413,0457; 0; 1064,502
77,30869; 0; 455,4021
174,5221; 0; 38,27951
255,1781; 0; 967,068
73,14845; 0; 577,4031
90,94933; 0; 605,1856
123,973; 0; 690,6071
119,1929; 0; 371,7097
190,1157; 0; 39,79995
102,768; 0; 662,8384
177,0637; 0; 29,16378
77,3829; 0; 495,2517
62,01894; 0; 551,9083
200,4185; 0; 42,39878
200,9938; 0; 820,0105
217,1809; 0; 847,8531
866,449; 0; 1413,909
254,8716; 0; 941,8915
91,12128; 0; 411,6302
222,5008; 0; 856,5878
174,2238; 0; 31,54032
773,1525; 0; 1219,952
92,27214; 0; 429,4655
75,82442; 0; 605,9525
786,196; 0; 1304,637
249,4861; 0; 918,9518
763,4321; 0; 1217,431
168,7668; 0; 756,0822
139,7434; 0; 338,8029
685,8592; 0; 1183,759
754,9537; 0; 1232,794
524,4149; 0; 1124,708
75,16184; 0; 472,0942
97,95874; 0; 661,9745
123,732; 0; 693,5831
141,9993; 0; 722,8535
120,0983; 0; 363,7927
190,0672; 0; 790,637
126,3412; 0; 367,2093
79,61976; 0; 624,0732
181,6449; 0; 30,25835
383,1369; 0; 1061,435
482,69; 0; 1107,253
296,92; 0; 1012,402
138,5196; 0; 316,6172
178,2458; 0; 29,90953
260,6031; 0; 933,9782
243,1259; 0; 926,0471
189,7265; 0; 809,5194
147,2277; 0; 328,8826
156,3475; 0; 307,8559
120,7023; 0; 355,4381
151,1348; 0; 288,7592
159,2055; 0; 752,6107
153,1501; 0; 746,4377
95,61971; 0; 458,9766
94,8937; 0; 393,0742
167,4974; 0; 300,6621
125,2758; 0; 685,093
192,5825; 0; 31,50195
180,5002; 0; 250,1159
181,8958; 0; 38,28237
123,2802; 0; 678,4075
159,7791; 0; 258,2778
72,99374; 0; 602,999
87,60754; 0; 575,1038
142,5031; 0; 301,2289
185,0706; 0; 199,7741
166,3351; 0; 286,7892
120,35; 0; 486,6882
171,4769; 0; 270,851
186,753; 0; 240,9795
184,6819; 0; 154,1666
185,2445; 0; 162,0091
184,5304; 0; 95,79568
181,1361; 0; 127,3525
186,4546; 0; 189,0575
185,9084; 0; 69,03404
176,7167; 0; 102,0571
179,5479; 0; 88,30891
183,7395; 0; 73,37356
178,7529; 0; 119,2963
180,6454; 0; 66,73858
188,9107; 0; 72,5731
254,1235; 0; 954,8866
865,9882; 0; 1337,43
864,0521; 0; 1309,592
776,7748; 0; 1249,431
710,4646; 0; 1210,049
456,5813; 0; 1083,571
84,49999; 0; 587,1603
187,2956; 0; 30,59828
110,0699; 0; 662,3611
167,5665; 0; 758,985
175,643; 0; 40,19881
905,1805; 0; 1375,235
692,2418; 0; 1202,743
162,3668; 0; 759,8308
428,6826; 0; 1071,165
198,7554; 0; 39,75547
205,9356; 0; 824,2477
183,4384; 0; 12,6208
87,0835; 0; 604,0928
812,154; 0; 1272,147
96,08597; 0; 643,1827
76,12466; 0; 534,6355
173,431; 0; 36,2183
188,6535; 0; 23,16602
602,6751; 0; 1140,589
475,1309; 0; 1081,332
179,1878; 0; 33,71336
263,2491; 0; 973,4915
450,6786; 0; 1067,218
87,40106; 0; 568,4697
176,7105; 0; 35,06506
325,3833; 0; 1021,101
884,1855; 0; 1367,987
508,7818; 0; 1107,306
449,3455; 0; 1078,347
77,42777; 0; 466,5396
176,6948; 0; 30,27215
279,1429; 0; 999,3013
74,32574; 0; 592,3265
92,24915; 0; 625,424
143,7277; 0; 716,3378
105,6361; 0; 375,1804
194,8909; 0; 32,31832
122,56; 0; 684,2335
170,3714; 0; 36,86754
84,4818; 0; 511,4344
68,52688; 0; 573,633
191,015; 0; 42,44244
218,0131; 0; 858,6922
231,9641; 0; 885,7584
274,7706; 0; 979,2111
86,82592; 0; 419,5039
237,7187; 0; 896,9186
178,2094; 0; 39,31583
811,5491; 0; 1316,936
89,19164; 0; 440,5728
96,29221; 0; 632,8173
889,6167; 0; 1374,954
257,5214; 0; 961,6353
830,9784; 0; 1269,173
193,512; 0; 800,3868
135,5488; 0; 346,9745
759,5266; 0; 1216,716
816,2981; 0; 1303,158
599,5036; 0; 1138,859
77,99838; 0; 493,2174
125,7484; 0; 695,9862
151,1268; 0; 737,5185
162,8698; 0; 756,2513
108,5516; 0; 380,5067
212,7109; 0; 822,4671
119,4109; 0; 378,836
97,51693; 0; 658,3292
183,2026; 0; 39,09777
458,063; 0; 1087,045
587,2271; 0; 1120,462
361,4209; 0; 1028,344
132,8336; 0; 327,8751
174,1958; 0; 37,80726
292,6003; 0; 1003,899
252,9154; 0; 998,6631
217,3175; 0; 865,946
140,2265; 0; 349,8181
150,0114; 0; 316,9541
96,54344; 0; 385,1103
146,1906; 0; 300,2793
192,4117; 0; 812,444
186,6123; 0; 804,4536
72,31661; 0; 492,5959
88,93491; 0; 425,6926
152,3789; 0; 324,3447
160,5787; 0; 745,3105
189,5256; 0; 36,69003
163,9308; 0; 270,0052
181,0795; 0; 33,43709
156,7365; 0; 731,6786
148,8074; 0; 283,1501
84,05223; 0; 649,3635
103,2929; 0; 644,2961
133,1519; 0; 332,3564
183,2655; 0; 228,1731
147,512; 0; 323,3712
57,46803; 0; 577,7418
141,2908; 0; 307,6804
165,7284; 0; 274,2122
183,929; 0; 181,9461
181,0697; 0; 191,3231
179,931; 0; 109,4619
185,3246; 0; 152,1974
185,9073; 0; 224,9651
183,7367; 0; 87,14114
185,7846; 0; 118,8105
175,7455; 0; 112,4687
178,6621; 0; 91,95648
183,5332; 0; 219,4283
187,6672; 0; 102,5266
189,5786; 0; 155,9103
190,2165; 0; 101,4761
187,0031; 0; 33,59035
187,5166; 0; 78,99827
183,0199; 0; 73,76177
260,521; 0; 978,5248
900,6893; 0; 1363,925
885,2803; 0; 1341,494
814,2603; 0; 1255,848
749,783; 0; 1210,616
483,2767; 0; 1091,931
85,31112; 0; 598,0732
189,9766; 0; 40,31604
124,0587; 0; 682,1862
183,5397; 0; 785,9918
166,3964; 0; 37,93262
734,2354; 0; 1204,097
171,4674; 0; 781,5178
456,9593; 0; 1081,3
198,6594; 0; 29,9487
220,4436; 0; 849,8691
177,5618; 0; 7,965899
86,35217; 0; 620,0594
833,7415; 0; 1301,013
108,0892; 0; 664,9931
80,25333; 0; 546,5731
182,0956; 0; 29,74748
192,7494; 0; 30,63893
632,036; 0; 1171,899
504,6568; 0; 1095,354
170,2283; 0; 38,53307
264,3411; 0; 1000,449
480,8985; 0; 1079,995
89,0799; 0; 578,8636
183,2119; 0; 31,77081
355,8516; 0; 1031,731
554,5107; 0; 1114,925
491,2617; 0; 1093,893
77,14417; 0; 479,0675
179,941; 0; 37,97814
312,114; 0; 1017,487
78,1601; 0; 608,2083
103,3166; 0; 645,7623
160,1733; 0; 745,1504
98,00956; 0; 378,0121
186,6694; 0; 35,62642
135,8023; 0; 711,5052
180,2793; 0; 34,9597
82,83288; 0; 527,7634
73,20858; 0; 594,788
198,2574; 0; 36,41078
233,8961; 0; 893,3279
244,3308; 0; 924,2358
297,5021; 0; 1012,37
85,2658; 0; 430,6881
251,0232; 0; 937,437
180,3256; 0; 30,67972
883,1243; 0; 1396,669
83,74821; 0; 452,3977
113,5305; 0; 655,7738
262,0917; 0; 998,7559
847,0209; 0; 1367,286
216,9778; 0; 845,0373
130,6743; 0; 355,1695
826,4266; 0; 1265,411
859,463; 0; 1406,93
660,2559; 0; 1172,187
81,71474; 0; 510,3579
151,8101; 0; 734,5115
182,541; 0; 780,5881
179,9044; 0; 783,9445
103,8835; 0; 393,7202
235,2603; 0; 866,9269
109,841; 0; 389,4253
119,3914; 0; 690,2996
175,282; 0; 34,39299
529,5224; 0; 1132,556
641,221; 0; 1187,328
434,8633; 0; 1079,77
127,3219; 0; 346,1062
182,905; 0; 37,40188
344,9984; 0; 1035,51
311,2094; 0; 1027,743
236,848; 0; 922,987
111,3666; 0; 358,754
143,702; 0; 325,5089
102,3218; 0; 408,7428
141,3156; 0; 310,2773
220,8647; 0; 880,0629
215,7487; 0; 872,3037
61,26022; 0; 542,7064
76,88763; 0; 463,1824
136,1645; 0; 336,3373
196,5796; 0; 794,6835
196,1247; 0; 37,73547
154,9949; 0; 293,01
186,7159; 0; 31,52758
193,0211; 0; 790,3392
145,0149; 0; 309,4398
128,9346; 0; 699,1653
140,5291; 0; 705,5568
131,6609; 0; 369,6552
172,6323; 0; 245,4054
126,2968; 0; 358,0645
93,83119; 0; 636,045
123,5668; 0; 345,4688
149,2683; 0; 318,4798
184,5065; 0; 212,0568
181,2879; 0; 222,0328
186,4958; 0; 124,3188
182,7913; 0; 178,5259
181,732; 0; 250,9011
182,6297; 0; 105,1308
181,2506; 0; 138,9946
175,1614; 0; 137,5148
185,9977; 0; 110,4116
150,4375; 0; 275,0314
179,4857; 0; 156,1413
186,329; 0; 237,8347
177,6788; 0; 180,285
188,2735; 0; 33,67927
186,0726; 0; 166,4306
187,9181; 0; 128,2214
190,861; 0; 86,72124
193,6204; 0; 77,94724
184,8022; 0; 63,24039
